word_id,sura,word_index,aya_hafs,status,rasm,missing_in,joined_in,distinct_forms,forms
11,1,11,4,rasm_variant,ملك,,,3,"مَٰلِكِ [hafs,shuba]  ||  مَلِكِ [bazzi,qaloun,warsh,douri]  ||  مَّلِكِ [sousi]"
105,2,76,9,rasm_variant,ٮحادعوں,,,2,"يَخۡدَعُونَ [hafs,shuba]  ||  يُخَٰدِعُونَ [bazzi,qaloun,warsh,douri,sousi]"
748,2,719,51,rasm_variant,واعدٮا,,,3,"وَٰعَدۡنَا [hafs,shuba,bazzi]  ||  وَٰعَدْنَا [qaloun,warsh]  ||  وَعَدۡنَا [douri,sousi]"
1142,2,1113,72,rasm_variant,ڡاداراٮم,,,6,"فَٱدَّٰرَٰءۡتُمۡ [hafs,shuba]  ||  فَٱدَّٰرَٰءۡتُمُۥ [bazzi]  ||  فَادَّٰرَٰءْتُمْ [qaloun]  ||  فَادَّٰرْٔتُمْ [warsh]  ||  فَاَدَّٰرَٰءۡتُمۡ [douri]  ||  فَاَدَّٰرَٰتُمۡ [sousi]"
1312,2,1283,81,rasm_variant,حطٮٮه,,,2,"خَطِيَٓٔتُهُۥ [hafs,shuba,bazzi,douri,sousi]  ||  خَطِيَٰٓٔتُهُۥ [qaloun,warsh]"
1390,2,1361,85,rasm_variant,ٮڡادوهم,,,4,"تُفَٰدُوهُمۡ [hafs,shuba]  ||  تَفۡدُوهُمُۥ [bazzi]  ||  تُفَٰدُوهُمْ [qaloun,warsh]  ||  تَفۡدُوهُمۡ [douri,sousi]"
1670,2,1641,98,rasm_variant,ومٮكاٮل,,,3,"وَمِيكَىٰلَ [hafs,douri,sousi]  ||  وَمِيكَِٰٓٔيلَ [shuba,bazzi]  ||  وَمِيكَٰٓئِلَ [qaloun,warsh]"
2331,2,2302,132,rasm_variant,ووصٮا,,,3,"وَوَصَّىٰ [hafs,shuba,bazzi,douri,sousi]  ||  وَأَوْصَىٰ [qaloun]  ||  وَأَوْصٜىٰ [warsh]"
3349,2,3320,184,rasm_variant,مسكٮں,,,4,"مِسۡكِينࣲ [hafs,shuba,bazzi]  ||  مَسَٰكِينَ [qaloun,warsh]  ||  مِسۡكِينٖ [douri]  ||  مِّسۡكِينࣲ [sousi]"
4855,2,4826,245,rasm_variant,ڡٮصاعڡه,,,3,"فَيُضَٰعِفَهُۥ [hafs,shuba]  ||  فَيُضَعِّفُهُۥ [bazzi]  ||  فَيُضَٰعِفُهُۥ [qaloun,warsh,douri,sousi]"
5080,2,5051,251,rasm_variant,دڡع,,,2,"دَفۡعُ [hafs,shuba,bazzi,douri,sousi]  ||  دِفَٰعُ [qaloun,warsh]"
5440,2,5411,261,rasm_variant,ٮصاعڡ,,,2,"يُضَٰعِفُ [hafs,shuba,qaloun,warsh,douri,sousi]  ||  يُضَعِّفُ [bazzi]"
6018,2,5989,283,rasm_variant,ڡرهاں,,,3,"فَرِهَٰنࣱ [hafs,shuba,qaloun,warsh]  ||  فَرُهُنࣱ [bazzi,sousi]  ||  فَرُهُنٞ [douri]"
6990,3,844,49,rasm_variant,طٮرا,,,2,"طَيۡرَۢا [hafs,shuba,bazzi,douri,sousi]  ||  طَٰٓئِراَۢ [qaloun,warsh]"
7534,3,1388,81,rasm_variant,اٮٮٮكم,,,3,"ءَاتَيۡتُكُم [hafs,shuba,douri,sousi]  ||  ءَاتَيۡتُكُمُۥ [bazzi]  ||  ءَاتَيْنَٰكُم [qaloun,warsh]"
8338,3,2192,130,rasm_variant,مصاعڡه,,,3,"مُّضَٰعَفَةࣰ [hafs,shuba,qaloun,warsh,sousi]  ||  مُّضَعَّفَةࣰ [bazzi]  ||  مُّضَٰعَفَةٗ [douri]"
8353,3,2207,133,rasm_variant,وسارعوا,,,4,"وَسَارِعُوٓاْ [hafs,shuba,douri]  ||  وَسَارِعُواْ [bazzi,sousi]  ||  سَارِعُواْ [qaloun]  ||  سَارِعُوٓاْ [warsh]"
8552,3,2406,146,rasm_variant,ڡٮل,,,2,"قَٰتَلَ [hafs,shuba]  ||  قُتِلَ [bazzi,qaloun,warsh,douri,sousi]"
8851,3,2705,158,rasm_variant,لالى,,,2,"لَإِلَى [hafs,shuba,bazzi,qaloun,warsh]  ||  لَإِاْلَى [douri,sousi]"
9722,4,95,5,rasm_variant,ڡٮاما,,,3,"قِيَٰمࣰا [hafs,shuba,bazzi,sousi]  ||  قِيَماࣰ [qaloun,warsh]  ||  قِيَٰمٗا [douri]"
9878,4,251,11,rasm_variant,ٮوصى,,,3,"يُوصِي [hafs,douri,sousi]  ||  يُوصَىٰ [shuba,bazzi]  ||  يُوصِے [qaloun,warsh]"
9974,4,347,12,rasm_variant,ٮوصى,,,3,"يُوصَىٰ [hafs,shuba,bazzi]  ||  يُوصِے [qaloun,warsh]  ||  يُوصِي [douri,sousi]"
10017,4,390,15,rasm_variant,والاٮى,,,5,"وَٱلَّٰتِي [hafs,shuba,bazzi]  ||  وَالَّٰتِے [qaloun]  ||  وَالتِے [warsh]  ||  وَاَلَّٰتِي [douri]  ||  وَࡱلَّٰتِي [sousi]"
10188,4,561,23,rasm_variant,الاٮى,,,6,"ٱلَّٰتِيٓ [hafs,shuba]  ||  ٱلَّٰتِي [bazzi]  ||  ࡲ۬لَّٰتِے [qaloun]  ||  ࡲ۬لتِےٓ [warsh]  ||  اُ۬لَّٰتِيٓ [douri]  ||  ࡲ۬لَّٰتِي [sousi]"
10196,4,569,23,rasm_variant,الاٮى,,,5,"ٱلَّٰتِي [hafs,shuba,bazzi]  ||  ࡲ۬لَّٰتِے [qaloun]  ||  ࡲ۬لتِے [warsh]  ||  اُ۬لَّٰتِي [douri]  ||  ࡲ۬لَّٰتِي [sousi]"
10201,4,574,23,rasm_variant,الاٮى,,,5,"ٱلَّٰتِي [hafs,shuba,bazzi]  ||  ࡲ۬لَّٰتِے [qaloun]  ||  ࡲ۬لتِے [warsh]  ||  اُ۬لَّٰتِي [douri]  ||  ࡲ۬لَّٰتِي [sousi]"
10448,4,821,33,rasm_variant,عاڡدٮ,,,4,"عَقَدَتۡ [hafs,shuba]  ||  عَٰقَدَتۡ [bazzi,douri,sousi]  ||  عَٰقَدَتْ [qaloun]  ||  عَٰقَدَتَ [warsh]"
10480,4,853,34,rasm_variant,والاٮى,,,5,"وَٱلَّٰتِي [hafs,shuba,bazzi]  ||  وَالَّٰتِے [qaloun]  ||  وَالتِے [warsh]  ||  وَاَلَّٰتِي [douri]  ||  وَࡱلَّٰتِي [sousi]"
10610,4,983,40,rasm_variant,ٮصاعڡها,,,3,"يُضَٰعِفۡهَا [hafs,shuba,douri,sousi]  ||  يُضَعِّفۡهَا [bazzi]  ||  يُضَٰعِفْهَا [qaloun,warsh]"
11634,4,2007,91,word_boundary,ما,,douri|qaloun,1,"مَا [hafs,shuba,bazzi,qaloun,warsh,douri,sousi]"
11635,4,2008,91,word_boundary,ردوا,,douri|qaloun,2,"رُدُّوٓاْ [hafs,shuba,warsh,douri]  ||  رُدُّواْ [bazzi,qaloun,sousi]"
11748,4,2121,94,rasm_variant,السلام,,,4,"ٱلسَّلَٰمَ [hafs,shuba,bazzi]  ||  ࡲ۬لسَّلَمَ [qaloun,warsh]  ||  اُ۬لسَّلَٰمَ [douri]  ||  ࡲ۬لسَّلَٰمَ [sousi]"
12388,4,2761,127,rasm_variant,الاٮى,,,5,"ٱلَّٰتِي [hafs,shuba,bazzi]  ||  ࡴ۬لَّٰتِے [qaloun]  ||  ࡴ۬لتِے [warsh]  ||  اِ۬لَّٰتِي [douri]  ||  ࡵ۬لَّٰتِي [sousi]"
12425,4,2798,128,rasm_variant,ٮصالحا,,,3,"يُصۡلِحَا [hafs,shuba]  ||  يَصَّٰلَحَا [bazzi,douri,sousi]  ||  يَّصَّٰلَحَا [qaloun,warsh]"
14726,5,1352,53,rasm_variant,وٮڡول,,,3,"وَيَقُولُ [hafs,shuba]  ||  يَقُولُ [bazzi,qaloun,warsh]  ||  وَيَقُولَ [douri,sousi]"
14745,5,1371,54,rasm_variant,ٮرٮد,,,2,"يَرۡتَدَّ [hafs,shuba,bazzi,douri,sousi]  ||  يَّرْتَدِدْ [qaloun,warsh]"
15022,5,1648,67,rasm_variant,رسالٮه,,,2,"رِسَالَتَهُۥ [hafs,bazzi,douri,sousi]  ||  رِسَالَٰتِهِۦ [shuba,qaloun,warsh]"
15859,5,2485,107,rasm_variant,الاولٮاں,,,6,"ٱلۡأَوۡلَيَٰنِ [hafs,bazzi]  ||  ٱلۡأَوَّلِينَ [shuba]  ||  ࡲ۬لْأَوْلَيَٰنِ [qaloun]  ||  ࡲ۬لَاوْلَيَٰنِ [warsh]  ||  اِ۬لۡأَوۡلَيَٰنِ [douri]  ||  ࡵ۬لۡأَوۡلَيَٰنِ [sousi]"
15945,5,2571,110,rasm_variant,طٮرا,,,2,"طَيۡرَۢا [hafs,shuba,bazzi,douri,sousi]  ||  طَٰٓئِراَۢ [qaloun,warsh]"
16807,6,629,40,rasm_variant,ارٮٮكم,,,4,"أَرَءَيۡتَكُمۡ [hafs,shuba,douri,sousi]  ||  أَرَءَيۡتَكُمُۥ [bazzi]  ||  أَرَٰ۬يْتَكُمْ [qaloun]  ||  ࡰرَٰٓيْتَكُمُۥٓ [warsh]"
16888,6,710,46,rasm_variant,ارٮٮم,,,4,"أَرَءَيۡتُمۡ [hafs,shuba,douri,sousi]  ||  أَرَءَيۡتُمُۥ [bazzi]  ||  أَرَٰ۬يْتُمْ [qaloun]  ||  ࡰرَٰٓيْتُمُۥٓ [warsh]"
16911,6,733,47,rasm_variant,ارٮٮكم,,,4,"أَرَءَيۡتَكُمۡ [hafs,shuba,douri,sousi]  ||  أَرَءَيۡتَكُمُۥ [bazzi]  ||  أَرَٰ۬يْتَكُمْ [qaloun]  ||  ࡰرَٰٓيْتَكُمُۥٓ [warsh]"
17215,6,1037,63,rasm_variant,اٮحٮٮٮا,,,4,"أَنجَىٰنَا [hafs,shuba]  ||  أَنجَيۡتَنَا [bazzi,douri,sousi]  ||  أَنجَيْتَنَا [qaloun]  ||  ࡰنجَيْتَنَا [warsh]"
17837,6,1659,96,rasm_variant,وحاعل,,,2,"وَجَعَلَ [hafs,shuba]  ||  وَجَٰعِلُ [bazzi,qaloun,warsh,douri,sousi]"
17997,6,1819,105,rasm_variant,درسٮ,,,3,"دَرَسۡتَ [hafs,shuba]  ||  دَٰرَسۡتَ [bazzi,douri,sousi]  ||  دَرَسْتَ [qaloun,warsh]"
18167,6,1989,115,rasm_variant,كلماٮ,,,2,"كَلِمَتُ [hafs,shuba]  ||  كَلِمَٰتُ [bazzi,qaloun,warsh,douri,sousi]"
18334,6,2156,124,rasm_variant,رسالاٮه,,,3,"رِسَالَتَهُۥ [hafs,bazzi]  ||  رِسَٰلَٰتِهِۦ [shuba,qaloun,warsh,douri]  ||  رِّسَٰلَٰتِهِۦ [sousi]"
18363,6,2185,125,rasm_variant,ٮصعد,,,3,"يَصَّعَّدُ [hafs,qaloun,warsh,douri,sousi]  ||  يَصَّٰعَدُ [shuba]  ||  يَصۡعَدُ [bazzi]"
18511,6,2333,135,rasm_variant,مكاٮٮكم,,,5,"مَكَانَتِكُمۡ [hafs,douri,sousi]  ||  مَكَانَٰتِكُمۡ [shuba]  ||  مَكَانَتِكُمُۥ [bazzi]  ||  مَكَانَتِكُمْ [qaloun]  ||  مَكَانَتِكُمُۥٓ [warsh]"
19696,7,468,34,rasm_variant,ٮسٮاحروں,,,4,"يَسۡتَأۡخِرُونَ [hafs,shuba,bazzi,douri]  ||  يَسْتَْٔخِرُونَ [qaloun]  ||  يَسْتَٰخِرُونَ [warsh]  ||  يَسۡتَاخِرُونَ [sousi]"
20147,7,919,57,rasm_variant,الرٮاح,,,4,"ٱلرِّيَٰحَ [hafs,shuba]  ||  ٱلرِّيحَ [bazzi]  ||  ࡲ۬لرِّيَٰحَ [qaloun,warsh,sousi]  ||  اُ۬لرِّيَٰحَ [douri]"
20914,7,1686,105,rasm_variant,علٮا,,,3,"عَلَىٰٓ [hafs,shuba,douri]  ||  عَلَىٰ [bazzi,sousi]  ||  عَلَيَّ [qaloun,warsh]"
21269,7,2041,137,rasm_variant,كلمٮ,,,2,"كَلِمَتُ [hafs,shuba,bazzi,douri,sousi]  ||  كَلِمَةُ [qaloun,warsh]"
21346,7,2118,142,rasm_variant,وواعدٮا,,,3,"وَوَٰعَدۡنَا [hafs,shuba,bazzi]  ||  وَوَٰعَدْنَا [qaloun,warsh]  ||  وَوَعَدۡنَا [douri,sousi]"
21416,7,2188,144,rasm_variant,ٮرسالاٮى,,,3,"بِرِسَٰلَٰتِي [hafs,shuba,douri,sousi]  ||  بِرِسَالَتِي [bazzi]  ||  بِرِسَالَتِے [qaloun,warsh]"
21840,7,2612,161,rasm_variant,حطٮاٮكم,,,4,"خَطِيَٰٓٔتِكُمۡ [hafs,shuba]  ||  خَطِيَٰٓٔتِكُمُۥ [bazzi]  ||  خَطِيَٰٓٔتُكُمْ [qaloun,warsh]  ||  خَطَٰيَىٰكُمۡ [douri,sousi]"
22045,7,2817,172,rasm_variant,درٮاٮهم,,,4,"ذُرِّيَّتَهُمۡ [hafs,shuba]  ||  ذُرِّيَّتَهُمُۥ [bazzi]  ||  ذُرِّيَّٰتِهِمْ [qaloun,warsh]  ||  ذُرِّيَّٰتِهِمۡ [douri,sousi]"
22477,7,3249,201,rasm_variant,طاٮڡ,,,3,"طَٰٓئِفࣱ [hafs,shuba,qaloun,warsh]  ||  طَيۡفࣱ [bazzi,sousi]  ||  طَيۡفٞ [douri]"
22684,8,136,11,rasm_variant,ٮعسٮكم,,,3,"يُغَشِّيكُمُ [hafs,shuba]  ||  يَغۡشَىٰكُمُ [bazzi,douri,sousi]  ||  يُغْشِيكُمُ [qaloun,warsh]"
23200,8,652,42,rasm_variant,حٮى,,,4,"حَيَّ [hafs,douri,sousi]  ||  حَِۧيَ [shuba,bazzi]  ||  حَۑِيَ [qaloun]  ||  حَيِيَ [warsh]"
23655,8,1107,70,rasm_variant,الاسرٮا,,,6,"ٱلۡأَسۡرَىٰٓ [hafs,shuba]  ||  ٱلۡأَسۡرَىٰ [bazzi]  ||  ࡰ۬لْأَسْرَىٰ [qaloun]  ||  ࡰ۬لَاسْرٜىٰٓ [warsh]  ||  اَ۬لۡأُسَٰر۪يٰٓ [douri]  ||  ࡱ۬لۡأُسَٰرٜىٰ [sousi]"
24068,9,286,17,rasm_variant,مساحد,,,2,"مَسَٰجِدَ [hafs,shuba,qaloun,warsh]  ||  مَسۡجِدَ [bazzi,douri,sousi]"
24188,9,406,24,rasm_variant,وعسٮرٮكم,,,4,"وَعَشِيرَتُكُمۡ [hafs,douri,sousi]  ||  وَعَشِيرَٰتُكُمۡ [shuba]  ||  وَعَشِيرَتُكُمُۥ [bazzi]  ||  وَعَشِيرَتُكُمْ [qaloun,warsh]"
24651,9,869,44,rasm_variant,ٮسٮدٮك,,,4,"يَسۡتَٔۡذِنُكَ [hafs,shuba,bazzi,douri]  ||  يَسْتَْٔذِنُكَ [qaloun]  ||  يَسْتَٰذِنُكَ [warsh]  ||  يَسۡتَٰذِنُكَ [sousi]"
24665,9,883,45,rasm_variant,ٮسٮدٮك,,,4,"يَسۡتَٔۡذِنُكَ [hafs,shuba,bazzi,douri]  ||  يَسْتَْٔذِنُكَ [qaloun]  ||  يَسْتَٰذِنُكَ [warsh]  ||  يَسۡتَٰذِنُكَ [sousi]"
24700,9,918,47,rasm_variant,ولاوصعوا,,,3,"وَلَأَوۡضَعُواْ [hafs,shuba,bazzi]  ||  وَلَأَوْضَعُواْ [qaloun,warsh]  ||  وَلَأَاْوۡضَعُواْ [douri,sousi]"
25353,9,1571,83,rasm_variant,ڡاسٮدٮوك,,,5,"فَٱسۡتَٔۡذَنُوكَ [hafs,shuba,bazzi]  ||  فَاسْتَْٔذَنُوكَ [qaloun]  ||  فَاسْتَٰذَنُوكَ [warsh]  ||  فَاَسۡتَٔۡذَنُوكَ [douri]  ||  فَاَسۡتَٰذَنُوكَ [sousi]"
25415,9,1633,86,rasm_variant,اسٮدٮك,,,5,"ٱسۡتَٔۡذَنَكَ [hafs,shuba,bazzi]  ||  ࡴٜسْتَْٔذَنَكَ [qaloun]  ||  ࡴٜسْتَٰذَنَكَ [warsh]  ||  اِ۪سۡتَٔۡذَنَكَ [douri]  ||  ࡵٜسۡتَٰذَنَكَ [sousi]"
25532,9,1750,93,rasm_variant,ٮسٮدٮوٮك,,,4,"يَسۡتَٔۡذِنُونَكَ [hafs,shuba,bazzi,douri]  ||  يَسْتَْٔذِنُونَكَ [qaloun]  ||  يَسْتَٰذِنُونَكَ [warsh]  ||  يَسۡتَٰذِنُونَكَ [sousi]"
25685,9,1903,,partial,مں,hafs|shuba|warsh|qaloun|douri|sousi,,1,مِن [bazzi]
25793,9,2011,107,rasm_variant,والدٮں,,,4,"وَٱلَّذِينَ [hafs,shuba,bazzi]  ||  ࡴ۬لذِينَ [qaloun,warsh]  ||  وَاَلَّذِينَ [douri]  ||  وَࡱلَّذِينَ [sousi]"
26311,10,30,2,rasm_variant,لسحر,,,4,"لَسَٰحِرࣱ [hafs,shuba,bazzi]  ||  لَسِحْرࣱ [qaloun,warsh]  ||  لَسِحۡرٞ [douri]  ||  لَسِحۡرࣱ [sousi]"
26811,10,530,26,word_boundary,ڡٮر,,douri,2,"قَتَرࣱ [hafs,shuba,bazzi,qaloun,warsh,sousi]  ||  قَتَرٞ [douri]"
26812,10,531,26,word_boundary,ولا,,douri,1,"وَلَا [hafs,shuba,bazzi,qaloun,warsh,douri,sousi]"
26931,10,650,33,rasm_variant,كلمٮ,,,2,"كَلِمَتُ [hafs,shuba,bazzi,douri,sousi]  ||  كَلِمَٰتُ [qaloun,warsh]"
27190,10,909,49,rasm_variant,ٮسٮحروں,,,4,"يَسۡتَٔۡخِرُونَ [hafs,shuba,bazzi,douri]  ||  يَسْتَْٔخِرُونَ [qaloun]  ||  يَسْتَٰخِرُونَ [warsh]  ||  يَسۡتَٰخِرُونَ [sousi]"
27195,10,914,50,rasm_variant,ارٮٮم,,,4,"أَرَءَيۡتُمۡ [hafs,shuba,douri,sousi]  ||  أَرَءَيۡتُمُۥ [bazzi]  ||  أَرَٰ۬يْتُمْ [qaloun]  ||  ࡰرَٰٓيْتُمُۥٓ [warsh]"
27308,10,1027,59,rasm_variant,ارٮٮم,,,4,"أَرَءَيۡتُم [hafs,shuba,douri,sousi]  ||  أَرَءَيۡتُمُۥ [bazzi]  ||  أَرَٰ۬يْتُم [qaloun]  ||  ࡰرَٰٓيْتُم [warsh]"
27906,10,1625,96,rasm_variant,كلمٮ,,,2,"كَلِمَتُ [hafs,shuba,bazzi,douri,sousi]  ||  كَلِمَٰتُ [qaloun,warsh]"
28467,11,353,20,rasm_variant,ٮصاعڡ,,,2,"يُضَٰعَفُ [hafs,shuba,qaloun,warsh,douri,sousi]  ||  يُضَعَّفُ [bazzi]"
28569,11,455,28,rasm_variant,ارٮٮم,,,4,"أَرَءَيۡتُمۡ [hafs,shuba,douri,sousi]  ||  أَرَءَيۡتُمُۥ [bazzi]  ||  أَرَٰ۬يْتُمْ [qaloun]  ||  أَرَٰٓيْتُمُۥٓ [warsh]"
29165,11,1051,63,rasm_variant,ارٮٮم,,,4,"أَرَءَيۡتُمۡ [hafs,shuba,douri,sousi]  ||  أَرَءَيۡتُمُۥ [bazzi]  ||  أَرَٰ۬يْتُمْ [qaloun]  ||  أَرَٰٓيْتُمُۥٓ [warsh]"
29368,11,1254,78,word_boundary,كاٮوا,,douri,1,"كَانُواْ [hafs,shuba,bazzi,qaloun,warsh,douri,sousi]"
29369,11,1255,78,word_boundary,ٮعملوں,,douri,2,"يَعۡمَلُونَ [hafs,shuba,bazzi,douri,sousi]  ||  يَعْمَلُونَ [qaloun,warsh]"
29534,11,1420,88,rasm_variant,ارٮٮم,,,4,"أَرَءَيۡتُمۡ [hafs,shuba,douri,sousi]  ||  أَرَءَيۡتُمُۥ [bazzi]  ||  أَرَٰ۬يْتُمْ [qaloun]  ||  أَرَٰٓيْتُمُۥٓ [warsh]"
29634,11,1520,93,rasm_variant,مكاٮٮكم,,,5,"مَكَانَتِكُمۡ [hafs,douri,sousi]  ||  مَكَانَٰتِكُمۡ [shuba]  ||  مَكَانَتِكُمُۥ [bazzi]  ||  مَكَانَتِكُمْ [qaloun]  ||  مَكَانَتِكُمُۥٓ [warsh]"
30010,11,1896,121,rasm_variant,مكاٮٮكم,,,5,"مَكَانَتِكُمۡ [hafs,douri,sousi]  ||  مَكَانَٰتِكُمۡ [shuba]  ||  مَكَانَتِكُمُۥ [bazzi]  ||  مَكَانَتِكُمْ [qaloun]  ||  مَكَانَتِكُمُۥٓ [warsh]"
30119,12,88,7,rasm_variant,اٮاٮ,,,3,"ءَايَٰتࣱ [hafs,shuba,qaloun,warsh,sousi]  ||  ءَايَتࣱ [bazzi]  ||  ءَايَٰتٞ [douri]"
30158,12,127,10,rasm_variant,عٮاٮٮ,,,2,"غَيَٰبَتِ [hafs,shuba,bazzi,douri,sousi]  ||  غَيَٰبَٰتِ [qaloun,warsh]"
30214,12,183,15,rasm_variant,عٮاٮٮ,,,2,"غَيَٰبَتِ [hafs,shuba,bazzi,douri,sousi]  ||  غَيَٰبَٰتِ [qaloun,warsh]"
30271,12,240,19,rasm_variant,ٮاٮسراى,,,5,"يَٰبُشۡرَىٰ [hafs,shuba]  ||  يَٰبُشۡرَٰىَ [bazzi]  ||  يَٰبُشْرَٰيَ [qaloun]  ||  يَٰبُشْرٰٜيَ [warsh]  ||  يَٰبُشۡرَٰيَ [douri,sousi]"
30487,12,456,31,rasm_variant,حاس,,,2,"حَٰشَ [hafs,shuba,bazzi,qaloun,warsh]  ||  حَٰشَٰ [douri,sousi]"
30831,12,800,50,rasm_variant,الاٮى,,,5,"ٱلَّٰتِي [hafs,shuba,bazzi]  ||  ࡴ۬لَّٰتِے [qaloun]  ||  ࡴ۬لتِے [warsh]  ||  اِ۬لَّٰتِي [douri]  ||  ࡵ۬لَّٰتِي [sousi]"
30847,12,816,51,rasm_variant,حاس,,,2,"حَٰشَ [hafs,shuba,bazzi,qaloun,warsh]  ||  حَٰشَٰ [douri,sousi]"
30983,12,952,62,rasm_variant,لڡٮٮٮه,,,4,"لِفِتۡيَٰنِهِ [hafs]  ||  لِفِتۡيَتِهِ [shuba,bazzi,douri]  ||  لِفِتْيَتِهِ [qaloun,warsh]  ||  لِّفِتۡيَتِهِ [sousi]"
31025,12,994,64,rasm_variant,حڡطا,,,4,"حَٰفِظࣰا [hafs]  ||  حِفۡظࣰا [shuba,bazzi,sousi]  ||  حِفْظاࣰ [qaloun,warsh]  ||  حِفۡظٗا [douri]"
31298,12,1267,80,rasm_variant,اسٮٮسوا,,,5,"ٱسۡتَيَۡٔسُواْ [hafs,shuba]  ||  ٱسۡتَٰيَسُواْ [bazzi]  ||  ࡰٜسْتَئَْسُواْ [qaloun,warsh]  ||  اَ۪سۡتَيَۡٔسُواْ [douri]  ||  ࡱٜسۡتَيَۡٔسُواْ [sousi]"
31744,12,1713,109,rasm_variant,ٮوحٮا,,,5,"نُّوحِيٓ [hafs]  ||  يُوحَىٰٓ [shuba,douri]  ||  يُوحَيٰ [bazzi]  ||  يُوحَىٰ [qaloun,sousi]  ||  يُوحٜىٰٓ [warsh]"
31769,12,1738,110,rasm_variant,اسٮٮس,,,5,"ٱسۡتَيَۡٔسَ [hafs,shuba]  ||  ٱسۡتَٰيَسَ [bazzi]  ||  ࡰٜسْتَئَْسَ [qaloun,warsh]  ||  اَ۪سۡتَيَۡٔسَ [douri]  ||  ࡱٜسۡتَيَۡٔسَ [sousi]"
31777,12,1746,110,rasm_variant,ڡٮحى,,,3,"فَنُجِّيَ [hafs,shuba]  ||  فَنُۨجِي [bazzi,douri,sousi]  ||  فَنُنجِے [qaloun,warsh]"
32644,13,836,42,rasm_variant,الكاڡر,,,5,"ٱلۡكُفَّٰرُ [hafs,shuba]  ||  ٱلۡكَٰفِرُ [bazzi]  ||  ࡲ۬لْكَٰفِرُ [qaloun,warsh]  ||  اُ۬لۡكَٰفِرُ [douri]  ||  ࡲ۬لۡكَٰفِر [sousi]"
32977,14,315,18,rasm_variant,الرٮح,,,4,"ٱلرِّيحُ [hafs,shuba,bazzi]  ||  ࡴ۬لرِّيَٰحُ [qaloun,warsh]  ||  اِ۬لرِّيحُ [douri]  ||  ࡵ۬لرِّيحُ [sousi]"
33527,15,35,5,rasm_variant,ٮسٮحروں,,,4,"يَسۡتَٔۡخِرُونَ [hafs,shuba,bazzi,douri]  ||  يَسْتَْٔخِرُونَ [qaloun]  ||  يَسْتَٰخِرُونَ [warsh]  ||  يَسۡتَٰخِرُونَ [sousi]"
33676,15,184,24,rasm_variant,المسٮحرٮں,,,5,"ٱلۡمُسۡتَٔۡخِرِينَ [hafs,shuba,bazzi]  ||  ࡰ۬لْمُسْتَْٔخِرِينَ [qaloun]  ||  ࡰ۬لْمُسْتَٰخِرِينَ [warsh]  ||  اَ۬لۡمُسۡتَٔۡخِرِينَ [douri]  ||  ࡱ۬لۡمُسۡتَٰخِرِينَ [sousi]"
34633,16,487,37,rasm_variant,ٮهدٮا,,,5,"يَهۡدِي [hafs,shuba]  ||  يُهۡدَيٰ [bazzi]  ||  يُهْدَىٰ [qaloun]  ||  يُهْدٜىٰ [warsh]  ||  يُهۡدَىٰ [douri,sousi]"
34708,16,562,43,rasm_variant,ٮوحٮا,,,5,"نُّوحِيٓ [hafs]  ||  يُوحَىٰٓ [shuba,douri]  ||  يُوحَيٰ [bazzi]  ||  يُوحَىٰ [qaloun,sousi]  ||  يُوحٜىٰٓ [warsh]"
34927,16,781,61,rasm_variant,ٮسٮحروں,,,4,"يَسۡتَٔۡخِرُونَ [hafs,shuba,bazzi,douri]  ||  يَسْتَْٔخِرُونَ [qaloun]  ||  يَسْتَٰخِرُونَ [warsh]  ||  يَسۡتَٰخِرُونَ [sousi]"
36846,17,856,62,rasm_variant,ارٮٮك,,,3,"أَرَءَيۡتَكَ [hafs,shuba,bazzi,douri,sousi]  ||  أَرَٰ۬يْتَكَ [qaloun]  ||  أَرَٰٓيْتَكَ [warsh]"
37054,17,1064,76,rasm_variant,حلڡك,,,3,"خِلَٰفَكَ [hafs]  ||  خَلۡفَكَ [shuba,bazzi,douri,sousi]  ||  خَلْفَكَ [qaloun,warsh]"
37273,17,1283,93,rasm_variant,ڡل,,,3,"قُلۡ [hafs,shuba,douri,sousi]  ||  قَالَ [bazzi]  ||  قُلْ [qaloun,warsh]"
38135,18,589,36,rasm_variant,مٮها,,,3,"مِّنۡهَا [hafs,shuba,douri,sousi]  ||  مِّنۡهُمَا [bazzi]  ||  مِّنْهُمَا [qaloun,warsh]"
38539,18,993,63,rasm_variant,ارٮٮ,,,3,"أَرَءَيۡتَ [hafs,shuba,bazzi,douri,sousi]  ||  أَرَٰ۬يْتَ [qaloun]  ||  أَرَٰٓيْتَ [warsh]"
38668,18,1122,74,rasm_variant,راكٮه,,,2,"زَكِيَّةَۢ [hafs,shuba]  ||  زَٰكِيَةَۢ [bazzi,qaloun,warsh,douri,sousi]"
38834,18,1288,86,rasm_variant,حمٮه,,,3,"حَمِئَةࣲ [hafs,bazzi,qaloun,warsh,sousi]  ||  حَٰمِيَةࣲ [shuba]  ||  حَمِئَةٖ [douri]"
38936,18,1390,95,rasm_variant,مكٮى,,,3,"مَكَّنِّي [hafs,shuba,douri,sousi]  ||  مَكَّنَنِي [bazzi]  ||  مَكَّنِّے [qaloun,warsh]"
39298,19,173,19,rasm_variant,لاهٮ,,,4,"لِأَهَبَ [hafs,shuba,bazzi,qaloun]  ||  لِاَهَبَ [warsh]  ||  لِاَ۬هَبَ [douri]  ||  لِاَۧهَبَ [sousi]"
39929,19,804,77,rasm_variant,اڡرٮٮ,,,3,"أَفَرَءَيۡتَ [hafs,shuba,bazzi,douri,sousi]  ||  أَفَرَٰ۬يْتَ [qaloun]  ||  ࡰفَرَٰٓيْتَ [warsh]"
40168,20,82,12,rasm_variant,طوٮا,,,5,"طُوࣰى [hafs,shuba]  ||  طُوَىٰ [bazzi,qaloun]  ||  طُوٜىٰ [warsh]  ||  طُوۭيٰ [douri]  ||  طُو۪ىٰ [sousi]"
40469,20,383,53,rasm_variant,مهادا,,,4,"مَهۡدࣰا [hafs,shuba]  ||  مِهَٰدࣰا [bazzi,sousi]  ||  مِهَٰداࣰ [qaloun,warsh]  ||  مِهَٰدٗا [douri]"
40564,20,478,63,rasm_variant,هاداں,,,3,"هَٰذَٰنِ [hafs,shuba,qaloun,warsh]  ||  هَٰذَٰٓنِّ [bazzi]  ||  هَٰذَۦۡنِ [douri,sousi]"
40774,20,688,80,rasm_variant,وواعدٮاكم,,,4,"وَوَٰعَدۡنَٰكُمۡ [hafs,shuba]  ||  وَوَٰعَدۡنَٰكُمُۥ [bazzi]  ||  وَوَٰعَدْنَٰكُمْ [qaloun,warsh]  ||  وَوَعَدۡنَٰكُمۡ [douri,sousi]"
41131,20,1045,112,rasm_variant,ٮحاڡ,,,2,"يَخَافُ [hafs,shuba,qaloun,warsh,douri,sousi]  ||  يَخَفۡ [bazzi]"
41421,20,1335,135,rasm_variant,اهٮدٮا,,,5,"ٱهۡتَدَىٰ [hafs,shuba,bazzi]  ||  ࡴٜهْتَدَىٰۖ [qaloun]  ||  ࡴٜهْتَدَى [warsh]  ||  اِ۪هۡتَدۭيٰ [douri]  ||  ࡵٜهۡتَد۪ىٰ [sousi]"
41455,21,34,4,rasm_variant,ڡل,,,2,"قَالَ [hafs]  ||  قُل [shuba,bazzi,qaloun,warsh,douri,sousi]"
41492,21,71,7,rasm_variant,ٮوحٮا,,,5,"نُّوحِيٓ [hafs]  ||  يُوحَىٰٓ [shuba,douri]  ||  يُوحَيٰ [bazzi]  ||  يُوحَىٰ [qaloun,sousi]  ||  يُوحٜىٰٓ [warsh]"
41670,21,249,25,rasm_variant,ٮوحٮا,,,5,"نُوحِيٓ [hafs]  ||  يُوحَىٰٓ [shuba,douri]  ||  يُوحَيٰ [bazzi]  ||  يُوحَىٰ [qaloun,sousi]  ||  يُوحٜىٰٓ [warsh]"
41720,21,299,30,rasm_variant,اولم,,,3,"أَوَلَمۡ [hafs,shuba,douri,sousi]  ||  أَلَمۡ [bazzi]  ||  أَوَلَمْ [qaloun,warsh]"
42341,21,920,88,rasm_variant,ٮحى,,,3,"نُۨجِي [hafs,bazzi,douri,sousi]  ||  نُجِّي [shuba]  ||  نُنجِے [qaloun,warsh]"
42410,21,989,95,rasm_variant,وحرام,,,2,"وَحَرَٰمٌ [hafs,bazzi,qaloun,warsh,douri,sousi]  ||  وَحِرۡمٌ [shuba]"
42507,21,1086,104,rasm_variant,للكٮاٮ,,,3,"لِلۡكُتُبِ [hafs]  ||  لِلۡكِتَٰبِ [shuba,bazzi,douri,sousi]  ||  لِلْكِتَٰبِ [qaloun,warsh]"
42581,21,1160,112,rasm_variant,ڡل,,,2,"قَٰلَ [hafs]  ||  قُل [shuba,bazzi,qaloun,warsh,douri,sousi]"
43234,22,644,38,rasm_variant,ٮداڡع,,,3,"يُدَٰفِعُ [hafs,shuba,qaloun,warsh]  ||  يَدۡفَعُ [bazzi,douri]  ||  يَدۡفَع [sousi]"
43267,22,677,40,rasm_variant,دڡع,,,2,"دَفۡعُ [hafs,shuba,bazzi,douri,sousi]  ||  دِفَٰعُ [qaloun,warsh]"
43334,22,744,45,rasm_variant,اهلكٮاها,,,4,"أَهۡلَكۡنَٰهَا [hafs,shuba,bazzi]  ||  أَهْلَكْنَٰهَا [qaloun]  ||  ࡰهْلَكْنَٰهَا [warsh]  ||  أَهۡلَكۡتُهَا [douri,sousi]"
43413,22,823,51,rasm_variant,معاحرٮں,,,2,"مُعَٰجِزِينَ [hafs,shuba,qaloun,warsh]  ||  مُعَجِّزِينَ [bazzi,douri,sousi]"
43905,23,41,8,rasm_variant,لاماٮاٮهم,,,3,"لِأَمَٰنَٰتِهِمۡ [hafs,shuba,douri,sousi]  ||  لِأَمَٰنَتِهِمُۥ [bazzi]  ||  لِأَمَٰنَٰتِهِمْ [qaloun,warsh]"
43944,23,80,14,rasm_variant,عطاما,,,4,"عِظَٰمࣰا [hafs,bazzi,sousi]  ||  عَظۡمࣰا [shuba]  ||  عِظَٰماࣰ [qaloun,warsh]  ||  عِظَٰمٗا [douri]"
43946,23,82,14,rasm_variant,العطام,,,5,"ٱلۡعِظَٰمَ [hafs,bazzi]  ||  ٱلۡعَظۡمَ [shuba]  ||  ࡰ۬لْعِظَٰمَ [qaloun,warsh]  ||  اَ۬لۡعِظَٰمَ [douri]  ||  ࡱ۬لۡعِظَٰمَ [sousi]"
44266,23,402,43,rasm_variant,ٮسٮحروں,,,4,"يَسۡتَٔۡخِرُونَ [hafs,shuba,bazzi,douri]  ||  يَسْتَْٔخِرُونَ [qaloun]  ||  يَسْتَٰخِرُونَ [warsh]  ||  يَسۡتَٰخِرُونَ [sousi]"
44635,23,771,87,rasm_variant,لله,,,4,"لِلَّهِ [hafs,shuba,bazzi]  ||  لِلهِ [qaloun,warsh]  ||  اَ۬للَّهُ [douri]  ||  ࡱ۬للَّهُ [sousi]"
44654,23,790,89,rasm_variant,لله,,,4,"لِلَّهِ [hafs,shuba,bazzi]  ||  لِلهِ [qaloun,warsh]  ||  اَ۬للَّهُ [douri]  ||  ࡱ۬للَّهُ [sousi]"
44847,23,983,112,rasm_variant,ڡال,,,3,"قَٰلَ [hafs,shuba,douri,sousi]  ||  قُلۡ [bazzi]  ||  قَالَ [qaloun,warsh]"
45979,24,1065,58,rasm_variant,لٮسٮدٮكم,,,4,"لِيَسۡتَٔۡذِنكُمُ [hafs,shuba,bazzi,douri]  ||  لِيَسْتَْٔذِنكُمُ [qaloun]  ||  لِيَسْتَٰذِنكُمُ [warsh]  ||  لِيَسۡتَٰذِنكُمُ [sousi]"
46030,24,1116,59,rasm_variant,ڡلٮسٮدٮوا,,,4,"فَلۡيَسۡتَٔۡذِنُواْ [hafs,shuba,bazzi,douri]  ||  فَلْيَسْتَْٔذِنُواْ [qaloun]  ||  فَلْيَسْتَٰذِنُواْ [warsh]  ||  فَلۡيَسۡتَٰذِنُواْ [sousi]"
46032,24,1118,59,rasm_variant,اسٮدں,,,5,"ٱسۡتَٔۡذَنَ [hafs,shuba,bazzi]  ||  ࡰٜسْتَْٔذَنَ [qaloun]  ||  ࡰٜسْتَٰذَنَ [warsh]  ||  اَ۪سۡتَٔۡذَنَ [douri]  ||  ࡱٜسۡتَٰذَنَ [sousi]"
46047,24,1133,60,rasm_variant,الاٮى,,,5,"ٱلَّٰتِي [hafs,shuba,bazzi]  ||  ࡴ۬لَّٰتِے [qaloun]  ||  ࡴ۬لتِے [warsh]  ||  اِ۬لَّٰتِي [douri]  ||  ࡵ۬لَّٰتِي [sousi]"
46158,24,1244,62,rasm_variant,ٮسٮدٮوه,,,5,"يَسۡتَٔۡذِنُوهُ [hafs,shuba,douri]  ||  يَسۡتَٔۡذِنُوهُۥ [bazzi]  ||  يَسْتَْٔذِنُوهُ [qaloun]  ||  يَسْتَٰذِنُوهُ [warsh]  ||  يَسۡتَٰذِنُوهُ [sousi]"
46161,24,1247,62,rasm_variant,ٮسٮدٮوٮك,,,4,"يَسۡتَٔۡذِنُونَكَ [hafs,shuba,bazzi,douri]  ||  يَسْتَْٔذِنُونَكَ [qaloun]  ||  يَسْتَٰذِنُونَكَ [warsh]  ||  يَسۡتَٰذِنُونَكَ [sousi]"
46168,24,1254,62,rasm_variant,اسٮدٮوك,,,5,"ٱسۡتَٔۡذَنُوكَ [hafs,shuba,bazzi]  ||  ࡰٜسْتَْٔذَنُوكَ [qaloun]  ||  ࡰٜسْتَٰذَنُوكَ [warsh]  ||  اَ۪سۡتَٔۡذَنُوكَ [douri]  ||  ࡱٜسۡتَٰذَنُوكَ [sousi]"
46555,25,325,25,rasm_variant,وٮرل,,,2,"وَنُزِّلَ [hafs,shuba,qaloun,warsh,douri,sousi]  ||  وَنُنزِلُ [bazzi]"
46739,25,509,43,rasm_variant,ارٮٮ,,,3,"أَرَءَيۡتَ [hafs,shuba,bazzi,douri,sousi]  ||  أَرَٰ۬يْتَ [qaloun]  ||  ࡰرَٰٓيْتَ [warsh]"
46798,25,568,48,rasm_variant,الرٮاح,,,5,"ٱلرِّيَٰحَ [hafs,shuba]  ||  ٱلرِّيحَ [bazzi]  ||  ࡰ۬لرِّيَٰحَ [qaloun,warsh]  ||  اَ۬لرِّيَٰحَ [douri]  ||  ࡱ۬لرِّيَٰحَ [sousi]"
47033,25,803,69,rasm_variant,ٮصاعڡ,,,4,"يُضَٰعَفۡ [hafs,douri,sousi]  ||  يُضَٰعَفُ [shuba]  ||  يُضَعَّفۡ [bazzi]  ||  يُضَٰعَفْ [qaloun,warsh]"
47092,25,862,74,rasm_variant,ودرٮاٮٮا,,,2,"وَذُرِّيَّٰتِنَا [hafs,bazzi,qaloun,warsh]  ||  وَذُرِّيَّتِنَا [shuba,douri,sousi]"
47510,26,387,56,rasm_variant,حدروں,,,2,"حَٰذِرُونَ [hafs,shuba]  ||  حَذِرُونَ [bazzi,qaloun,warsh,douri,sousi]"
47607,26,484,75,rasm_variant,اڡرٮٮم,,,4,"أَفَرَءَيۡتُم [hafs,shuba,douri,sousi]  ||  أَفَرَءَيۡتُمُۥ [bazzi]  ||  أَفَرَٰ۬يْتُم [qaloun]  ||  أَفَرَٰٓيْتُم [warsh]"
47994,26,871,149,rasm_variant,ڡرهٮں,,,2,"فَٰرِهِينَ [hafs,shuba]  ||  فَرِهِينَ [bazzi,qaloun,warsh,douri,sousi]"
48314,26,1191,205,rasm_variant,اڡرٮٮ,,,3,"أَفَرَءَيۡتَ [hafs,shuba,bazzi,douri,sousi]  ||  أَفَرَٰ۬يْتَ [qaloun]  ||  أَفَرَٰٓيْتَ [warsh]"
48378,26,1255,217,rasm_variant,وٮوكل,,,2,"وَتَوَكَّلۡ [hafs,shuba,bazzi,douri,sousi]  ||  فَتَوَكَّلْ [qaloun,warsh]"
48679,27,238,20,word_boundary,ما,,bazzi|douri,1,"مَا [hafs,shuba,bazzi,qaloun,warsh,douri,sousi]"
48680,27,239,20,word_boundary,لى,,bazzi|douri,3,"لِيَ [hafs,shuba,bazzi]  ||  لِے [qaloun,warsh]  ||  لِي [douri,sousi]"
48694,27,253,21,rasm_variant,لٮاٮٮٮى,,,5,"لَيَأۡتِيَنِّي [hafs,shuba,douri]  ||  لَيَأۡتِيَنَّنِي [bazzi]  ||  لَيَأْتِيَنِّے [qaloun]  ||  لَيَاتِيَنِّے [warsh]  ||  لَيَاتِيَنِّي [sousi]"
48852,27,411,36,rasm_variant,اٮٮاں,,,4,"ءَاتَىٰنِۦَ [hafs,douri,sousi]  ||  ءَاتَىٰنِ [shuba,bazzi]  ||  ءَاتَيٰنِࣉَ [qaloun]  ||  ءَاتٜيٰنِࣉَ [warsh]"
49229,27,788,63,rasm_variant,الرٮاح,,,4,"ٱلرِّيَٰحَ [hafs,shuba]  ||  ٱلرِّيحَ [bazzi]  ||  ࡲ۬لرِّيَٰحَ [qaloun,warsh,sousi]  ||  اُ۬لرِّيَٰحَ [douri]"
49275,27,834,66,rasm_variant,ادارك,,,3,"ٱدَّٰرَكَ [hafs,shuba]  ||  أَدۡرَكَ [bazzi,douri,sousi]  ||  ࡴٜدَّٰرَكَ [qaloun,warsh]"
49991,28,399,26,rasm_variant,اسٮحره,,,6,"ٱسۡتَٔۡجِرۡهُ [hafs,shuba]  ||  ٱسۡتَٔۡجِرۡهُۥ [bazzi]  ||  ࡴٜسْتَْٔجِرْهُ [qaloun]  ||  ࡴٜسْتَٰجِرْهُ [warsh]  ||  اِ۪سۡتَٔۡجِرۡهُ [douri]  ||  ࡵٜسۡتَٰجِرۡهُ [sousi]"
49995,28,403,26,rasm_variant,اسٮحرٮ,,,5,"ٱسۡتَٔۡجَرۡتَ [hafs,shuba,bazzi]  ||  ࡴٜسْتَْٔجَرْتَ [qaloun]  ||  ࡴٜسْتَٰجَرْتَ [warsh]  ||  اِ۪سۡتَٔۡجَرۡتَ [douri]  ||  ࡵٜسۡتَٰجَرۡتَ [sousi]"
50187,28,595,37,rasm_variant,وڡال,,,2,"وَقَالَ [hafs,shuba,qaloun,warsh,douri,sousi]  ||  قَالَ [bazzi]"
50378,28,786,48,rasm_variant,ساحراں,,,3,"سِحۡرَانِ [hafs,shuba]  ||  سَٰحِرَانِ [bazzi,douri,sousi]  ||  سَٰحِرَٰنِ [qaloun,warsh]"
50683,28,1091,71,rasm_variant,ارٮٮم,,,4,"أَرَءَيۡتُمۡ [hafs,shuba,douri,sousi]  ||  أَرَءَيۡتُمُۥ [bazzi]  ||  أَرَٰ۬يْتُمْ [qaloun]  ||  ࡰرَٰٓيْتُمُۥٓ [warsh]"
50702,28,1110,72,rasm_variant,ارٮٮم,,,4,"أَرَءَيۡتُمۡ [hafs,shuba,douri,sousi]  ||  أَرَءَيۡتُمُۥ [bazzi]  ||  أَرَٰ۬يْتُمْ [qaloun]  ||  ࡰرَٰٓيْتُمُۥٓ [warsh]"
51746,29,724,50,rasm_variant,اٮاٮ,,,3,"ءَايَٰتࣱ [hafs,qaloun,warsh,sousi]  ||  ءَايَتࣱ [shuba,bazzi]  ||  ءَايَٰتٞ [douri]"
52070,30,72,8,rasm_variant,ٮلڡاى,,,2,"بِلِقَآيِٕ [hafs,shuba,bazzi,douri,sousi]  ||  بِلِقَآءِ [qaloun,warsh]"
52159,30,161,16,rasm_variant,ولڡاى,,,2,"وَلِقَآيِٕ [hafs,shuba,bazzi,douri,sousi]  ||  وَلِقَآءِ [qaloun,warsh]"
52626,30,628,48,rasm_variant,الرٮاح,,,4,"ٱلرِّيَٰحَ [hafs,shuba]  ||  ٱلرِّيحَ [bazzi]  ||  ࡲ۬لرِّيَٰحَ [qaloun,warsh,sousi]  ||  اُ۬لرِّيَٰحَ [douri]"
52663,30,665,50,rasm_variant,اٮر,,,3,"ءَاثَٰرِ [hafs]  ||  أَثَرِ [shuba,bazzi,qaloun,warsh,douri]  ||  أَثَر [sousi]"
53052,31,237,18,rasm_variant,ٮصاعر,,,3,"تُصَعِّرۡ [hafs,shuba,bazzi]  ||  تُصَٰعِرْ [qaloun,warsh]  ||  تُصَٰعِرۡ [douri,sousi]"
53776,33,43,4,rasm_variant,الاى,,,6,"ٱلَِّٰٓٔي [hafs,shuba]  ||  ٱلَّٰٓيۡ [bazzi]  ||  ࡲ۬لَّٰٓئِے [qaloun]  ||  ࡲ۬لٜےْ [warsh]  ||  اُ۬لَّٰٓيۡ [douri]  ||  ࡲ۬لَّٰٓيۡ [sousi]"
53777,33,44,4,rasm_variant,ٮطهروں,,,2,"تُظَٰهِرُونَ [hafs,shuba]  ||  تَظَّهَّرُونَ [bazzi,qaloun,warsh,douri,sousi]"
53941,33,208,13,rasm_variant,وٮسٮدں,,,4,"وَيَسۡتَٔۡذِنُ [hafs,shuba,bazzi,douri]  ||  وَيَسْتَْٔذِنُ [qaloun]  ||  وَيَسْتَٰذِنُ [warsh]  ||  وَيَسۡتَٰذِنُ [sousi]"
54244,33,511,30,rasm_variant,ٮصاعڡ,,,4,"يُضَٰعَفۡ [hafs,shuba]  ||  نُّضَعِّفۡ [bazzi]  ||  يُضَٰعَفْ [qaloun,warsh]  ||  يُضَعَّفۡ [douri,sousi]"
54571,33,838,50,rasm_variant,الاٮى,,,6,"ٱلَّٰتِيٓ [hafs,shuba]  ||  ٱلَّٰتِي [bazzi]  ||  ࡰ۬لَّٰتِے [qaloun]  ||  ࡰ۬لتِےٓ [warsh]  ||  اَ۬لَّٰتِيٓ [douri]  ||  ࡱ۬لَّٰتِي [sousi]"
54589,33,856,50,rasm_variant,الاٮى,,,5,"ٱلَّٰتِي [hafs,shuba,bazzi]  ||  ࡰ۬لَّٰتِے [qaloun]  ||  ࡰ۬لتِے [warsh]  ||  اَ۬لَّٰتِي [douri]  ||  ࡱ۬لَّٰتِي [sousi]"
54710,33,977,53,rasm_variant,مسٮٮسٮں,,,4,"مُسۡتَٔۡنِسِينَ [hafs,shuba,bazzi,douri]  ||  مُسْتَْٔنِسِينَ [qaloun]  ||  مُسْتَٰنِسِينَ [warsh]  ||  مُسۡتَٰنِسِينَ [sousi]"
55102,34,82,5,rasm_variant,معاحرٮں,,,2,"مُعَٰجِزِينَ [hafs,shuba,qaloun,warsh]  ||  مُعَجِّزِينَ [bazzi,douri,sousi]"
55287,34,267,15,rasm_variant,مساكٮهم,,,5,"مَسۡكَنِهِمۡ [hafs]  ||  مَسَٰكِنِهِمۡ [shuba,douri,sousi]  ||  مَسَٰكِنِهِمُۥ [bazzi]  ||  مَسَٰكِنِهِمْ [qaloun]  ||  مَسَٰكِنِهِمُۥٓ [warsh]"
55324,34,304,17,rasm_variant,ٮحارٮا,,,5,"نُجَٰزِيٓ [hafs]  ||  يُجَٰزَىٰٓ [shuba,douri]  ||  يُجَٰزَيٰ [bazzi]  ||  يُجَٰزَىٰ [qaloun,sousi]  ||  يُجَٰزٜىٰٓ [warsh]"
55346,34,326,19,rasm_variant,ٮاعد,,,3,"بَٰعِدۡ [hafs,shuba]  ||  بَعِّدۡ [bazzi,douri,sousi]  ||  بَٰعِدْ [qaloun,warsh]"
55515,34,495,30,rasm_variant,ٮسٮحروں,,,4,"تَسۡتَٔۡخِرُونَ [hafs,shuba,bazzi,douri]  ||  تَسْتَْٔخِرُونَ [qaloun]  ||  تَسْتَٰخِرُونَ [warsh]  ||  تَسۡتَٰخِرُونَ [sousi]"
55663,34,643,38,rasm_variant,معاحرٮں,,,2,"مُعَٰجِزِينَ [hafs,shuba,qaloun,warsh]  ||  مُعَجِّزِينَ [bazzi,douri,sousi]"
56047,35,144,9,rasm_variant,الرٮاح,,,5,"ٱلرِّيَٰحَ [hafs,shuba]  ||  ٱلرِّيحَ [bazzi]  ||  ࡰ۬لرِّيَٰحَ [qaloun,warsh]  ||  اَ۬لرِّيَٰحَ [douri]  ||  ࡱ۬لرِّيَٰحَ [sousi]"
56465,35,562,36,rasm_variant,ٮحرى,,,3,"نَجۡزِي [hafs,shuba,bazzi]  ||  نَجْزِے [qaloun,warsh]  ||  يُجۡزَىٰ [douri,sousi]"
56528,35,625,40,rasm_variant,ارٮٮم,,,4,"أَرَءَيۡتُمۡ [hafs,shuba,douri,sousi]  ||  أَرَءَيۡتُمُۥ [bazzi]  ||  أَرَٰ۬يْتُمْ [qaloun]  ||  ࡰرَٰٓيْتُمْ [warsh]"
56550,35,647,40,rasm_variant,ٮٮٮٮ,,,3,"بَيِّنَتࣲ [hafs,bazzi,sousi]  ||  بَيِّنَٰتࣲ [shuba,qaloun,warsh]  ||  بَيِّنَتٖ [douri]"
56602,35,699,43,rasm_variant,السٮى,,,5,"ٱلسَّيِّيِٕ [hafs,shuba,bazzi]  ||  ࡰ۬لسَّيِّئِے [qaloun]  ||  ࡰ۬لسَّيِّےِٕ [warsh]  ||  اَ۬لسَّيِّيِٕ [douri]  ||  ࡱ۬لسَّيِّيِٕ [sousi]"
56845,36,167,22,word_boundary,وما,,bazzi|douri,1,"وَمَا [hafs,shuba,bazzi,qaloun,warsh,douri,sousi]"
56846,36,168,22,word_boundary,لى,,bazzi|douri,1,"لِيَ [hafs,shuba,bazzi,qaloun,warsh,douri,sousi]"
56964,36,286,35,rasm_variant,عملٮه,,,4,"عَمِلَتۡهُ [hafs,douri,sousi]  ||  عَمِلَتۡ [shuba]  ||  عَمِلَتۡهُۥ [bazzi]  ||  عَمِلَتْهُ [qaloun,warsh]"
57024,36,346,41,rasm_variant,درٮٮهم,,,3,"ذُرِّيَّتَهُمۡ [hafs,shuba,douri,sousi]  ||  ذُرِّيَّتَهُمُۥ [bazzi]  ||  ذُرِّيَّٰتِهِمْ [qaloun,warsh]"
57249,36,571,67,rasm_variant,مكاٮٮهم,,,4,"مَكَانَتِهِمۡ [hafs,douri,sousi]  ||  مَكَانَٰتِهِمۡ [shuba]  ||  مَكَانَتِهِمُۥ [bazzi]  ||  مَكَانَتِهِمْ [qaloun,warsh]"
57749,37,346,68,rasm_variant,لالى,,,2,"لَإِلَى [hafs,shuba,bazzi,qaloun,warsh]  ||  لَإِاْلَى [douri,sousi]"
58711,38,447,45,rasm_variant,عٮادٮا,,,3,"عِبَٰدَنَآ [hafs,shuba,warsh,douri]  ||  عَبۡدَنَا [bazzi]  ||  عِبَٰدَنَا [qaloun,sousi]"
59497,39,500,29,rasm_variant,سلما,,,4,"سَلَمࣰا [hafs,shuba]  ||  سَٰلِمࣰا [bazzi,sousi]  ||  سَلَماࣰ [qaloun,warsh]  ||  سَٰلِمٗا [douri]"
59548,39,551,34,rasm_variant,حرا,,,2,"جَزَآءُ [hafs,shuba,bazzi,douri,sousi]  ||  جَزَٰٓؤُاْ [qaloun,warsh]"
59598,39,601,38,rasm_variant,اڡرٮٮم,,,4,"أَفَرَءَيۡتُم [hafs,shuba,douri,sousi]  ||  أَفَرَءَيۡتُمُۥ [bazzi]  ||  أَفَرَٰ۬يْتُم [qaloun]  ||  ࡰفَرَٰٓيْتُم [warsh]"
59629,39,632,39,rasm_variant,مكاٮٮكم,,,5,"مَكَانَتِكُمۡ [hafs,douri,sousi]  ||  مَكَانَٰتِكُمۡ [shuba]  ||  مَكَانَتِكُمُۥ [bazzi]  ||  مَكَانَتِكُمْ [qaloun]  ||  مَكَانَتِكُمُۥٓ [warsh]"
59957,39,960,61,rasm_variant,ٮمڡارٮهم,,,4,"بِمَفَازَتِهِمۡ [hafs,douri,sousi]  ||  بِمَفَازَٰتِهِمۡ [shuba]  ||  بِمَفَازَتِهِمُۥ [bazzi]  ||  بِمَفَازَتِهِمْ [qaloun,warsh]"
60056,39,1059,69,rasm_variant,وحاى,,,2,"وَجِاْيٓءَ [hafs,shuba,bazzi,douri,sousi]  ||  وَجِےٓءَ [qaloun,warsh]"
60227,40,58,6,rasm_variant,كلمٮ,,,2,"كَلِمَتُ [hafs,shuba,bazzi,douri,sousi]  ||  كَلِمَٰتُ [qaloun,warsh]"
60522,40,353,26,rasm_variant,واں,,,3,"أَوۡ [hafs,shuba]  ||  وَأَن [bazzi,douri,sousi]  ||  وَأَنْ [qaloun,warsh]"
60523,40,354,26,partial,اں,warsh|qaloun|douri|sousi|bazzi,,1,"أَن [hafs,shuba]"
62046,41,658,47,rasm_variant,ٮمرٮ,,,3,"ثَمَرَٰتࣲ [hafs,qaloun,warsh]  ||  ثَمَرَتࣲ [shuba,bazzi,sousi]  ||  ثَمَرَتٖ [douri]"
62136,41,748,52,rasm_variant,ارٮٮم,,,4,"أَرَءَيۡتُمۡ [hafs,shuba,douri,sousi]  ||  أَرَءَيۡتُمُۥ [bazzi]  ||  أَرَٰ۬يْتُمْ [qaloun]  ||  ࡰرَٰٓيْتُمُۥٓ [warsh]"
62186,42,4,3,rasm_variant,ٮوحى,,,5,"يُوحِيٓ [hafs,shuba,douri]  ||  يُوحَيٰ [bazzi]  ||  يُوحِے [qaloun]  ||  يُوحِےٓ [warsh]  ||  يُوحِي [sousi]"
62695,42,513,30,rasm_variant,ڡٮما,,,2,"فَبِمَا [hafs,shuba,bazzi,douri,sousi]  ||  بِمَا [qaloun,warsh]"
62724,42,542,33,rasm_variant,الرٮح,,,4,"ٱلرِّيحَ [hafs,shuba,bazzi]  ||  ࡴ۬لرِّيَٰحَ [qaloun,warsh]  ||  اِ۬لرِّيحَ [douri]  ||  ࡵ۬لرِّيحَ [sousi]"
63102,43,60,10,rasm_variant,مهادا,,,4,"مَهۡدࣰا [hafs,shuba]  ||  مِهَٰدࣰا [bazzi,sousi]  ||  مِهَٰداࣰ [qaloun,warsh]  ||  مِهَٰدٗا [douri]"
63197,43,155,19,rasm_variant,عٮاد,,,2,"عِبَٰدُ [hafs,shuba,douri,sousi]  ||  عِندَ [bazzi,qaloun,warsh]"
63260,43,218,24,rasm_variant,ڡل,,,4,"قَٰلَ [hafs]  ||  قُلۡ [shuba,bazzi,douri,sousi]  ||  قُلْ [qaloun]  ||  قُلَ [warsh]"
63559,43,517,53,rasm_variant,اساوره,,,3,"أَسۡوِرَةࣱ [hafs]  ||  أَسَٰوِرَةࣱ [shuba,bazzi,qaloun,warsh,sousi]  ||  أَسَٰوِرَةٞ [douri]"
63696,43,654,68,rasm_variant,ٮاعٮادى,,,4,"يَٰعِبَادِ [hafs,bazzi]  ||  يَٰعِبَادِيَ [shuba]  ||  يَٰعِبَادِے [qaloun,warsh]  ||  يَٰعِبَادِي [douri,sousi]"
63722,43,680,71,rasm_variant,ٮسٮهى,,,3,"تَشۡتَهِيهِ [hafs]  ||  تَشۡتَهِي [shuba,bazzi,douri,sousi]  ||  تَشْتَهِيهِ [qaloun,warsh]"
64489,45,271,23,rasm_variant,اڡرٮٮ,,,3,"أَفَرَءَيۡتَ [hafs,shuba,bazzi,douri,sousi]  ||  أَفَرَٰ۬يْتَ [qaloun]  ||  أَفَرَٰٓيْتَ [warsh]"
64730,46,24,4,rasm_variant,ارٮٮم,,,4,"أَرَءَيۡتُم [hafs,shuba,douri,sousi]  ||  أَرَءَيۡتُمُۥ [bazzi]  ||  أَرَٰ۬يْتُم [qaloun]  ||  ࡰرَٰٓيْتُم [warsh]"
64849,46,143,10,rasm_variant,ارٮٮم,,,4,"أَرَءَيۡتُمۡ [hafs,shuba,douri,sousi]  ||  أَرَءَيۡتُمُۥ [bazzi]  ||  أَرَٰ۬يْتُمْ [qaloun]  ||  ࡰرَٰٓيْتُمُۥٓ [warsh]"
64932,46,226,15,rasm_variant,حسٮا,,,3,"إِحۡسَٰنًا [hafs,shuba]  ||  حُسۡنًا [bazzi,douri,sousi]  ||  حُسْناً [qaloun,warsh]"
65425,47,76,4,rasm_variant,ڡاٮلوا,,,2,"قُتِلُواْ [hafs,douri,sousi]  ||  قَٰتَلُواْ [shuba,bazzi,qaloun,warsh]"
65718,47,369,25,rasm_variant,واملٮا,,,4,"وَأَمۡلَىٰ [hafs,shuba,bazzi]  ||  وَأَمْلَىٰ [qaloun]  ||  وَأَمْلٜىٰ [warsh]  ||  وَأُمۡلِيَ [douri,sousi]"
66725,49,277,14,rasm_variant,ٮلٮكم,,,5,"يَلِتۡكُم [hafs,shuba]  ||  يَلِتۡكُمُۥ [bazzi]  ||  يَلِتْكُم [qaloun,warsh]  ||  ئَۡلِتۡكُم [douri]  ||  يَٰلِتۡكُم [sousi]"
67622,52,94,21,rasm_variant,واٮٮعٮهم,,,4,"وَٱتَّبَعَتۡهُمۡ [hafs,shuba]  ||  وَٱتَّبَعَتۡهُمُۥ [bazzi]  ||  وَاتَّبَعَتْهُمْ [qaloun,warsh]  ||  وَأَتۡبَعۡنَٰهُمۡ [douri,sousi]"
67623,52,95,21,rasm_variant,درٮٮهم,,,3,"ذُرِّيَّتُهُم [hafs,shuba,qaloun,warsh]  ||  ذُرِّيَّتُهُمُۥ [bazzi]  ||  ذُرِّيَّٰتِهِم [douri,sousi]"
67627,52,99,21,rasm_variant,درٮاٮهم,,,4,"ذُرِّيَّتَهُمۡ [hafs,shuba]  ||  ذُرِّيَّتَهُمُۥ [bazzi]  ||  ذُرِّيَّٰتِهِمْ [qaloun,warsh]  ||  ذُرِّيَّٰتِهِمۡ [douri,sousi]"
67915,53,75,19,rasm_variant,اڡرٮٮم,,,3,"أَفَرَءَيۡتُمُ [hafs,shuba,bazzi,douri,sousi]  ||  أَفَرَٰ۬يْتُمُ [qaloun]  ||  أَفَرَٰٓيْتُمُ [warsh]"
68078,53,238,33,rasm_variant,اڡرٮٮ,,,3,"أَفَرَءَيۡتَ [hafs,shuba,bazzi,douri,sousi]  ||  أَفَرَٰ۬يْتَ [qaloun]  ||  أَفَرَٰٓيْتَ [warsh]"
68238,54,38,7,rasm_variant,حسعا,,,3,"خُشَّعًا [hafs,shuba,bazzi]  ||  خُشَّعاً [qaloun,warsh]  ||  خَٰشِعًا [douri,sousi]"
68622,55,80,22,rasm_variant,اللولو,,,5,"ٱللُّؤۡلُؤُ [hafs,bazzi]  ||  ٱللُّولُؤُ [shuba]  ||  ࡰ۬للُّؤْلُؤُاْ [qaloun,warsh]  ||  اَ۬للُّؤۡلُؤُ [douri]  ||  ࡱ۬للُّولُؤُ [sousi]"
68790,55,248,54,rasm_variant,وحٮى,,,2,"وَجَنَى [hafs,shuba,bazzi,douri,sousi]  ||  وَجَنَا [qaloun,warsh]"
69094,56,201,58,rasm_variant,اڡرٮٮم,,,4,"أَفَرَءَيۡتُم [hafs,shuba,douri,sousi]  ||  أَفَرَءَيۡتُمُۥ [bazzi]  ||  أَفَرَٰ۬يْتُم [qaloun]  ||  أَفَرَٰٓيْتُم [warsh]"
69124,56,231,63,rasm_variant,اڡرٮٮم,,,4,"أَفَرَءَيۡتُم [hafs,shuba,douri,sousi]  ||  أَفَرَءَيۡتُمُۥ [bazzi]  ||  أَفَرَٰ۬يْتُم [qaloun]  ||  أَفَرَٰٓيْتُم [warsh]"
69143,56,250,68,rasm_variant,اڡرٮٮم,,,3,"أَفَرَءَيۡتُمُ [hafs,shuba,bazzi,douri,sousi]  ||  أَفَرَٰ۬يْتُمُ [qaloun]  ||  أَفَرَٰٓيْتُمُ [warsh]"
69160,56,267,71,rasm_variant,اڡرٮٮم,,,3,"أَفَرَءَيۡتُمُ [hafs,shuba,bazzi,douri,sousi]  ||  أَفَرَٰ۬يْتُمُ [qaloun]  ||  أَفَرَٰٓيْتُمُ [warsh]"
69449,57,177,11,rasm_variant,ڡٮصاعڡه,,,3,"فَيُضَٰعِفَهُۥ [hafs,shuba]  ||  فَيُضَعِّفُهُۥ [bazzi]  ||  فَيُضَٰعِفُهُۥ [qaloun,warsh,douri,sousi]"
69586,57,314,18,rasm_variant,ٮصاعڡ,,,2,"يُضَٰعَفُ [hafs,shuba,qaloun,warsh,douri,sousi]  ||  يُضَعَّفُ [bazzi]"
69720,57,448,24,partial,هو,warsh|qaloun,,2,"هُوَ [hafs,shuba,bazzi,douri]  ||  هُّوَ [sousi]"
69866,58,20,2,rasm_variant,ٮطهروں,,,2,"يُظَٰهِرُونَ [hafs,shuba]  ||  يَظَّهَّرُونَ [bazzi,qaloun,warsh,douri,sousi]"
69876,58,30,2,rasm_variant,الاى,,,6,"ٱلَِّٰٓٔي [hafs,shuba]  ||  ٱلَّٰٓيۡ [bazzi]  ||  ࡰ۬لَّٰٓئِے [qaloun]  ||  ࡰ۬لٜےْ [warsh]  ||  اَ۬لَّٰٓيۡ [douri]  ||  ࡱ۬لَّٰٓيۡ [sousi]"
69889,58,43,3,rasm_variant,ٮطهروں,,,2,"يُظَٰهِرُونَ [hafs,shuba]  ||  يَظَّهَّرُونَ [bazzi,qaloun,warsh,douri,sousi]"
70097,58,251,11,rasm_variant,المحلس,,,5,"ٱلۡمَجَٰلِسِ [hafs,shuba]  ||  ٱلۡمَجۡلِسِ [bazzi]  ||  ࡴ۬لْمَجْلِسِ [qaloun,warsh]  ||  اِ۬لۡمَجۡلِسِ [douri]  ||  ࡵ۬لۡمَجۡلِسِ [sousi]"
70587,59,269,13,rasm_variant,لاٮٮم,,,5,"لَأَنتُمۡ [hafs,shuba]  ||  لَأَنتُمُۥ [bazzi]  ||  لَأَنتُمْ [qaloun]  ||  لَأَنتُمُۥٓ [warsh]  ||  لَأَاْنتُمۡ [douri,sousi]"
70609,59,291,14,rasm_variant,حدر,,,5,"جُدُرِۭ [hafs,shuba]  ||  جِدَٰرِۭ [bazzi]  ||  جُدُرِۢ [qaloun,warsh]  ||  جِدٰ۪رِۢ [douri]  ||  جِدٰٜرِۭ [sousi]"
71302,61,191,14,rasm_variant,اٮصارا,,,4,"أَنصَارَ [hafs,shuba]  ||  أَنصَارࣰا [bazzi,sousi]  ||  أَنصَاراࣰ [qaloun,warsh]  ||  أَنصَارٗا [douri]"
71303,61,192,14,rasm_variant,لله,,,3,"ٱللَّهِ [hafs,shuba]  ||  لِّلَّهِ [bazzi,douri,sousi]  ||  لِّلهِ [qaloun,warsh]"
71917,64,230,17,rasm_variant,ٮصاعڡه,,,3,"يُضَٰعِفۡهُ [hafs,shuba,douri,sousi]  ||  يُضَعِّفۡهُۥ [bazzi]  ||  يُضَٰعِفْهُ [qaloun,warsh]"
72021,65,93,4,rasm_variant,والاى,,,6,"وَٱلَِّٰٓٔي [hafs,shuba]  ||  وَٱلَّٰٓيۡ [bazzi]  ||  وَالَّٰٓئِے [qaloun]  ||  وَالٜےْ [warsh]  ||  وَاَلَّٰٓيۡ [douri]  ||  وَࡱلَّٰٓيۡ [sousi]"
72032,65,104,4,rasm_variant,والاى,,,6,"وَٱلَِّٰٓٔي [hafs,shuba]  ||  وَٱلَّٰٓيۡ [bazzi]  ||  وَالَّٰٓئِے [qaloun]  ||  وَالٜےْ [warsh]  ||  وَاَلَّٰٓيۡ [douri]  ||  وَࡱلَّٰٓيۡ [sousi]"
72461,66,246,12,rasm_variant,وكٮاٮه,,,2,"وَكُتُبِهِۦ [hafs,douri,sousi]  ||  وَكِتَٰبِهِۦ [shuba,bazzi,qaloun,warsh]"
72761,67,297,28,rasm_variant,ارٮٮم,,,4,"أَرَءَيۡتُمۡ [hafs,shuba,douri,sousi]  ||  أَرَءَيۡتُمُۥ [bazzi]  ||  أَرَٰ۬يْتُمْ [qaloun]  ||  ࡰرَٰٓيْتُمُۥٓ [warsh]"
72789,67,325,30,rasm_variant,ارٮٮم,,,4,"أَرَءَيۡتُمۡ [hafs,shuba,douri,sousi]  ||  أَرَءَيۡتُمُۥ [bazzi]  ||  أَرَٰ۬يْتُمْ [qaloun]  ||  ࡰرَٰٓيْتُمُۥٓ [warsh]"
73493,70,138,32,rasm_variant,لاماٮاٮهم,,,3,"لِأَمَٰنَٰتِهِمۡ [hafs,shuba,douri,sousi]  ||  لِأَمَٰنَتِهِمُۥ [bazzi]  ||  لِأَمَٰنَٰتِهِمْ [qaloun,warsh]"
73498,70,143,33,rasm_variant,ٮسهادٮهم,,,4,"بِشَهَٰدَٰتِهِمۡ [hafs]  ||  بِشَهَٰدَتِهِمۡ [shuba,douri,sousi]  ||  بِشَهَٰدَتِهِمُۥ [bazzi]  ||  بِشَهَٰدَتِهِمْ [qaloun,warsh]"
73753,71,181,25,rasm_variant,حطٮاٮهم,,,5,"خَطِيَٰٓٔتِهِمۡ [hafs,shuba]  ||  خَطِيَٰٓٔتِهِمُۥ [bazzi]  ||  خَطِيَٰٓٔتِهِمْ [qaloun]  ||  خَطِيَٰٓٔتِهِمُۥٓ [warsh]  ||  خَطَٰيَىٰهُمۡ [douri,sousi]"
73950,72,152,16,rasm_variant,واں,,,2,"وَأَلَّوِ [hafs,shuba,bazzi]  ||  وَأَن [qaloun,warsh,douri,sousi]"
73951,72,153,,partial,لو,hafs|shuba|bazzi,,1,"لَّوِ [qaloun,warsh,douri,sousi]"
73986,72,188,20,rasm_variant,ڡال,,,2,"قُلۡ [hafs,shuba]  ||  قَالَ [bazzi,qaloun,warsh,douri,sousi]"
74226,73,142,20,rasm_variant,اں,,,2,"أَن [hafs,shuba,bazzi,qaloun,warsh]  ||  أَلَّن [douri,sousi]"
74227,73,143,20,partial,لں,douri|sousi,,1,"لَّن [hafs,shuba,bazzi,qaloun,warsh]"
74439,74,156,33,rasm_variant,ادا,,,4,"إِذۡ [hafs]  ||  إِذَا [shuba,bazzi,douri,sousi]  ||  إِذْ [qaloun]  ||  إِذَ [warsh]"
74440,74,157,33,rasm_variant,دٮر,,,4,"أَدۡبَرَ [hafs]  ||  دَبَرَ [shuba,bazzi,douri,sousi]  ||  أَدْبَرَ [qaloun]  ||  ࡰدْبَرَ [warsh]"
74539,75,1,1,word_boundary,لا,,bazzi,3,"لَآ [hafs,shuba,warsh,douri]  ||  لَأُ [bazzi]  ||  لَا [qaloun,sousi]"
74540,75,2,1,word_boundary,اڡسم,,bazzi,4,"أُقۡسِمُ [hafs,shuba,douri]  ||  اْقۡسِمُ [bazzi]  ||  أُقْسِمُ [qaloun,warsh]  ||  أُقۡسِم [sousi]"
75056,77,111,33,rasm_variant,حمالاٮ,,,3,"جِمَٰلَتࣱ [hafs]  ||  جِمَٰلَٰتࣱ [shuba,bazzi,qaloun,warsh,sousi]  ||  جِمَٰلَٰتٞ [douri]"
75328,79,29,11,rasm_variant,ٮحره,,,3,"نَّخِرَةࣰ [hafs,bazzi,qaloun,warsh,sousi]  ||  نَّٰخِرَةࣰ [shuba]  ||  نَّخِرَةٗ [douri]"
75690,81,79,24,rasm_variant,ٮصٮٮں,,,4,"بِضَنِينࣲ [hafs,shuba,qaloun,warsh]  ||  بِضظَنِينࣲ [bazzi]  ||  بِضظَنِينٖ [douri]  ||  بِّضظَنِينࣲ [sousi]"
75939,83,144,31,rasm_variant,ڡاكهٮں,,,2,"فَكِهِينَ [hafs]  ||  فَٰكِهِينَ [shuba,bazzi,qaloun,warsh,douri,sousi]"
76485,89,80,18,rasm_variant,ٮحصوں,,,3,"تَحَٰٓضُّونَ [hafs,shuba]  ||  تَحُضُّونَ [bazzi,qaloun,warsh]  ||  يَحُضُّونَ [douri,sousi]"
76508,89,103,23,rasm_variant,وحاى,,,2,"وَجِاْيٓءَ [hafs,shuba,bazzi,douri,sousi]  ||  وَجِےٓءَ [qaloun,warsh]"
76592,90,50,14,rasm_variant,اطعام,,,4,"إِطۡعَٰمࣱ [hafs,shuba]  ||  أَطۡعَمَ [bazzi,douri,sousi]  ||  إِطْعَامࣱ [qaloun]  ||  ࡴطْعَامࣱ [warsh]"
76676,91,52,15,rasm_variant,ولا,,,2,"وَلَا [hafs,shuba,bazzi,douri,sousi]  ||  فَلَا [qaloun,warsh]"
76882,96,32,9,rasm_variant,ارٮٮ,,,3,"أَرَءَيۡتَ [hafs,shuba,bazzi,douri,sousi]  ||  أَرَٰ۬يْتَ [qaloun]  ||  أَرَٰٓيْتَ [warsh]"
76888,96,38,11,rasm_variant,ارٮٮ,,,3,"أَرَءَيۡتَ [hafs,shuba,bazzi,douri,sousi]  ||  أَرَٰ۬يْتَ [qaloun]  ||  أَرَٰٓيْتَ [warsh]"
76896,96,46,13,rasm_variant,ارٮٮ,,,3,"أَرَءَيۡتَ [hafs,shuba,bazzi,douri,sousi]  ||  أَرَٰ۬يْتَ [qaloun]  ||  أَرَٰٓيْتَ [warsh]"
77259,106,3,2,rasm_variant,الاڡهم,,,4,"إِۦلَٰفِهِمۡ [hafs,shuba,douri,sousi]  ||  إِۦلَٰفِهِمُۥ [bazzi]  ||  إِيلَٰفِهِمْ [qaloun]  ||  ࡴيلَٰفِهِمْ [warsh]"
77274,107,1,1,rasm_variant,ارٮٮ,,,3,"أَرَءَيۡتَ [hafs,shuba,bazzi,douri,sousi]  ||  أَرَٰ۬يْتَ [qaloun]  ||  ࡰرَٰٓيْتَ [warsh]"
