number,surah,index,ayah_hafs,status,rasm,missing_in,written_joined_by,resegmented_in,distinct_forms,forms
425,2,396,28,alif_variant,ڡاحٮكم,,,,4,"فَأَحۡيَٰكُمۡ [hafs,shubah,duri,susi]  ||  فَأَحۡيَٰكُمُۥ [bazzi]  ||  فَأَحْيَاكُمْ [qalun]  ||  فَأَحْيٜاكُمْ [warsh]"
618,2,589,40,alif_variant,اسرٮل,,,,2,"إِسۡرَٰٓءِيلَ [hafs,shubah,bazzi,duri,susi]  ||  إِسْرَآءِيلَ [qalun,warsh]"
690,2,661,47,alif_variant,اسرٮل,,,,2,"إِسۡرَٰٓءِيلَ [hafs,shubah,bazzi,duri,susi]  ||  إِسْرَآءِيلَ [qalun,warsh]"
823,2,794,57,alif_variant,العمام,,,,4,"ٱلۡغَمَامَ [hafs,shubah,bazzi]  ||  ࡲ۬لْغَمَٰمَ [qalun,warsh]  ||  اُ۬لۡغَمَامَ [duri]  ||  ࡲ۬لۡغَمَامَ [susi]"
1333,2,1304,83,alif_variant,اسرٮل,,,,3,"إِسۡرَٰٓءِيلَ [hafs,shubah,bazzi,duri]  ||  إِسْرَآءِيلَ [qalun,warsh]  ||  إِسۡرَٰٓءِيل [susi]"
1339,2,1310,83,alif_variant,احساٮا,,,,3,"إِحۡسَانࣰا [hafs,shubah,bazzi,susi]  ||  إِحْسَٰناࣰ [qalun,warsh]  ||  إِحۡسَانٗا [duri]"
1738,2,1709,102,alif_variant,هروٮ,,,,2,"هَٰرُوتَ [hafs,shubah,bazzi,duri,susi]  ||  هَارُوتَ [qalun,warsh]"
1739,2,1710,102,alif_variant,ومروٮ,,,,2,"وَمَٰرُوتَ [hafs,shubah,bazzi,duri,susi]  ||  وَمَارُوتَ [qalun,warsh]"
1741,2,1712,102,alif_variant,ٮعلماں,,,,2,"يُعَلِّمَانِ [hafs,shubah,bazzi,duri,susi]  ||  يُعَلِّمَٰنِ [qalun,warsh]"
2147,2,2118,121,alif_variant,ٮلاوٮه,,,,4,"تِلَاوَتِهِۦٓ [hafs,shubah,duri]  ||  تِلَاوَتِهِۦ [bazzi,susi]  ||  تِلَٰوَتِهِۦ [qalun]  ||  تِلَٰوَتِهِۦٓ [warsh]"
2158,2,2129,122,alif_variant,اسرٮل,,,,2,"إِسۡرَٰٓءِيلَ [hafs,shubah,bazzi,duri,susi]  ||  إِسْرَآءِيلَ [qalun,warsh]"
2331,2,2302,132,rasm_variant,ووصى,,,,3,"وَوَصَّىٰ [hafs,shubah,bazzi,duri,susi]  ||  وَأَوْصَىٰ [qalun]  ||  وَأَوْصٜىٰ [warsh]"
2824,2,2795,158,alif_variant,سعاٮر,,,,2,"شَعَآئِرِ [hafs,shubah,bazzi,duri,susi]  ||  شَعَٰٓئِرِ [qalun,warsh]"
2991,2,2962,166,alif_variant,الاسٮاٮ,,,,5,"ٱلۡأَسۡبَابُ [hafs,shubah,bazzi]  ||  ࡲ۬لْأَسْبَٰبُ [qalun]  ||  ࡲ۬لَاسْبَٰبُ [warsh]  ||  اِ۬لۡأَسۡبَابُ [duri]  ||  ࡵ۬لۡأَسۡبَابُ [susi]"
3929,2,3900,210,alif_variant,العمام,,,,4,"ٱلۡغَمَامِ [hafs,shubah,bazzi]  ||  ࡰ۬لْغَمَٰمِ [qalun,warsh]  ||  اَ۬لۡغَمَامِ [duri]  ||  ࡱ۬لۡغَمَامِ [susi]"
3939,2,3910,211,alif_variant,اسرٮل,,,,2,"إِسۡرَٰٓءِيلَ [hafs,shubah,bazzi,duri,susi]  ||  إِسْرَآءِيلَ [qalun,warsh]"
4209,2,4180,220,alif_variant,اصلاح,,,,4,"إِصۡلَاحࣱ [hafs,shubah,bazzi,susi]  ||  إِصْلَٰحࣱ [qalun]  ||  ࡴصْلَٰحࣱ [warsh]  ||  إِصۡلَاحٞ [duri]"
4399,2,4370,229,alif_variant,مرٮاں,,,,2,"مَرَّتَانِ [hafs,shubah,bazzi,duri,susi]  ||  مَرَّتَٰنِ [qalun,warsh]"
4561,2,4532,233,alif_variant,الرصاعه,,,,4,"ٱلرَّضَاعَةَ [hafs,shubah,bazzi]  ||  ࡰ۬لرَّضَٰعَةَ [qalun,warsh]  ||  اَ۬لرَّضَاعَةَ [duri]  ||  ࡱ۬لرَّضَاعَةَ [susi]"
4827,2,4798,243,alif_variant,احٮهم,,,,4,"أَحۡيَٰهُمۡ [hafs,shubah,duri,susi]  ||  أَحۡيَٰهُمُۥ [bazzi]  ||  أَحْيَاهُمْ [qalun]  ||  أَحْيٜاهُمُۥٓ [warsh]"
4870,2,4841,246,alif_variant,اسرٮل,,,,2,"إِسۡرَٰٓءِيلَ [hafs,shubah,bazzi,duri,susi]  ||  إِسْرَآءِيلَ [qalun,warsh]"
5366,2,5337,259,alif_variant,العطام,,,,4,"ٱلۡعِظَامِ [hafs,shubah,bazzi]  ||  ࡰ۬لْعِظَٰمِ [qalun,warsh]  ||  اَ۬لۡعِظَامِ [duri]  ||  ࡱ۬لۡعِظَامِ [susi]"
5554,2,5525,266,alif_variant,واعٮاٮ,,,,3,"وَأَعۡنَابࣲ [hafs,shubah,bazzi,susi]  ||  وَأَعْنَٰبࣲ [qalun,warsh]  ||  وَأَعۡنَابٖ [duri]"
5738,2,5709,274,alif_variant,وعلاٮٮه,,,,3,"وَعَلَانِيَةࣰ [hafs,shubah,bazzi,susi]  ||  وَعَلَٰنِيَةࣰ [qalun,warsh]  ||  وَعَلَانِيَةٗ [duri]"
5943,2,5914,282,alif_variant,وامراٮاں,,,,4,"وَٱمۡرَأَتَانِ [hafs,shubah,bazzi]  ||  وَامْرَأَتَٰنِ [qalun,warsh]  ||  وَاَمۡرَأَتَانِ [duri]  ||  وَࡱمۡرَأَتَانِ [susi]"
6973,3,827,49,alif_variant,اسرٮل,,,,2,"إِسۡرَٰٓءِيلَ [hafs,shubah,bazzi,duri,susi]  ||  إِسْرَآءِيلَ [qalun,warsh]"
7729,3,1583,93,alif_variant,اسرٮل,,,,2,"إِسۡرَٰٓءِيلَ [hafs,shubah,bazzi,duri,susi]  ||  إِسْرَآءِيلَ [qalun,warsh]"
7733,3,1587,93,alif_variant,اسرٮل,,,,2,"إِسۡرَٰٓءِيلُ [hafs,shubah,bazzi,duri,susi]  ||  إِسْرَآءِيلُ [qalun,warsh]"
7777,3,1631,96,alif_variant,مٮاركا,,,,3,"مُبَارَكࣰا [hafs,shubah,bazzi,susi]  ||  مُبَٰرَكاࣰ [qalun,warsh]  ||  مُبَارَكٗا [duri]"
8020,3,1874,111,alif_variant,الادٮار,,,,5,"ٱلۡأَدۡبَارَ [hafs,shubah,bazzi]  ||  ࡲ۬لْأَدْبَٰرَ [qalun]  ||  ࡲ۬لَادْبَٰرَ [warsh]  ||  اُ۬لۡأَدۡبَارَ [duri]  ||  ࡲ۬لۡأَدۡبَارَ [susi]"
8229,3,2083,122,alif_variant,طاٮڡٮاں,,,,2,"طَّآئِفَتَانِ [hafs,shubah,bazzi,duri,susi]  ||  طَّآئِفَتَٰنِ [qalun,warsh]"
8353,3,2207,133,rasm_variant,وسارعوا,,,,4,"وَسَارِعُوٓاْ [hafs,shubah,duri]  ||  وَسَارِعُواْ [bazzi,susi]  ||  سَارِعُواْ [qalun]  ||  سَارِعُوٓاْ [warsh]"
8782,3,2636,155,alif_variant,الحمعاں,,,,4,"ٱلۡجَمۡعَانِ [hafs,shubah,bazzi]  ||  ࡰ۬لْجَمْعَٰنِ [qalun,warsh]  ||  اَ۬لۡجَمۡعَانِ [duri]  ||  ࡱ۬لۡجَمۡعَانِ [susi]"
8851,3,2705,158,rasm_variant,لالى,,,,2,"لَإِلَى [hafs,shubah,bazzi,qalun,warsh]  ||  لَإِاْلَى [duri,susi]"
8993,3,2847,166,alif_variant,الحمعاں,,,,4,"ٱلۡجَمۡعَانِ [hafs,shubah,bazzi]  ||  ࡰ۬لْجَمْعَٰنِ [qalun,warsh]  ||  اَ۬لۡجَمۡعَانِ [duri]  ||  ࡱ۬لۡجَمۡعَانِ [susi]"
9294,3,3148,182,alif_variant,ٮطلام,,,,3,"بِظَلَّامࣲ [hafs,shubah,bazzi,susi]  ||  بِظَلَّٰمࣲ [qalun,warsh]  ||  بِظَلَّامٖ [duri]"
9771,4,144,7,alif_variant,الولداں,,,,4,"ٱلۡوَٰلِدَانِ [hafs,shubah,bazzi]  ||  ࡰ۬لْوَٰلِدَٰنِ [qalun,warsh]  ||  اَ۬لۡوَٰلِدَانِ [duri]  ||  ࡱ۬لۡوَٰلِدَانِ [susi]"
9777,4,150,7,alif_variant,الولداں,,,,4,"ٱلۡوَٰلِدَانِ [hafs,shubah,bazzi]  ||  ࡰ۬لْوَٰلِدَٰنِ [qalun,warsh]  ||  اَ۬لۡوَٰلِدَانِ [duri]  ||  ࡱ۬لۡوَٰلِدَانِ [susi]"
9866,4,239,11,alif_variant,اٮواه,,,,3,"أَبَوَاهُ [hafs,shubah,duri,susi]  ||  أَبَوَاهُۥ [bazzi]  ||  أَبَوَٰهُ [qalun,warsh]"
10039,4,412,16,alif_variant,والداں,,,,5,"وَٱلَّذَانِ [hafs,shubah]  ||  وَٱلَّذَآنِّ [bazzi]  ||  وَالذَٰنِ [qalun,warsh]  ||  وَاَلَّذَانِ [duri]  ||  وَࡱلَّذَانِ [susi]"
10445,4,818,33,alif_variant,الولداں,,,,4,"ٱلۡوَٰلِدَانِ [hafs,shubah,bazzi]  ||  ࡰ۬لْوَٰلِدَٰنِ [qalun,warsh]  ||  اَ۬لۡوَٰلِدَانِ [duri]  ||  ࡱ۬لۡوَٰلِدَانِ [susi]"
10538,4,911,36,alif_variant,والصاحٮ,,,,4,"وَٱلصَّاحِبِ [hafs,shubah,bazzi]  ||  وَالصَّٰحِبِ [qalun,warsh]  ||  وَاَلصَّاحِبِ [duri]  ||  وَࡱلصَّاحِب [susi]"
10768,4,1141,47,alif_variant,ادٮارها,,,,6,"أَدۡبَارِهَآ [hafs,shubah]  ||  أَدۡبَارِهَا [bazzi]  ||  أَدْبَٰرِهَا [qalun]  ||  أَدْبٰٜرِهَآ [warsh]  ||  أَدۡب۪ارِهَآ [duri]  ||  أَدۡبٜارِهَا [susi]"
11634,4,2007,91,word_boundary,ما,,,qalun|duri,1,"مَا [hafs,shubah,bazzi,qalun,warsh,duri,susi]"
11635,4,2008,91,word_boundary,ردوا,,,qalun|duri,2,"رُدُّوٓاْ [hafs,shubah,warsh,duri]  ||  رُدُّواْ [bazzi,qalun,susi]"
13354,4,3727,176,alif_variant,الٮلٮاں,,,,4,"ٱلثُّلُثَانِ [hafs,shubah,bazzi]  ||  ࡰ۬لثُّلُثَٰنِ [qalun,warsh]  ||  اَ۬لثُّلُثَانِ [duri]  ||  ࡱ۬لثُّلُثَانِ [susi]"
13736,5,362,12,alif_variant,اسرٮل,,,,2,"إِسۡرَٰٓءِيلَ [hafs,shubah,bazzi,duri,susi]  ||  إِسْرَآءِيلَ [qalun,warsh]"
13822,5,448,14,alif_variant,العداوه,,,,4,"ٱلۡعَدَاوَةَ [hafs,shubah,bazzi]  ||  ࡲ۬لْعَدَٰوَةَ [qalun,warsh]  ||  اُ۬لۡعَدَاوَةَ [duri]  ||  ࡲ۬لۡعَدَاوَةَ [susi]"
14007,5,633,21,alif_variant,ادٮاركم,,,,6,"أَدۡبَارِكُمۡ [hafs,shubah]  ||  أَدۡبَارِكُمُۥ [bazzi]  ||  أَدْبَٰرِكُمْ [qalun]  ||  أَدْبٰٜرِكُمْ [warsh]  ||  أَدۡب۪ارِكُمۡ [duri]  ||  أَدۡبٜارِكُمۡ [susi]"
14028,5,654,23,alif_variant,رحلاں,,,,3,"رَجُلَانِ [hafs,shubah,bazzi,duri]  ||  رَجُلَٰنِ [qalun,warsh]  ||  رَّجُلَانِ [susi]"
14184,5,810,32,alif_variant,اسرٮل,,,,2,"إِسۡرَٰٓءِيلَ [hafs,shubah,bazzi,duri,susi]  ||  إِسْرَآءِيلَ [qalun,warsh]"
14726,5,1352,53,rasm_variant,وٮڡول,,,,3,"وَيَقُولُ [hafs,shubah]  ||  يَقُولُ [bazzi,qalun,warsh]  ||  وَيَقُولَ [duri,susi]"
14745,5,1371,54,rasm_variant,ٮرٮد,,,,2,"يَرۡتَدَّ [hafs,shubah,bazzi,duri,susi]  ||  يَّرْتَدِدْ [qalun,warsh]"
14768,5,1394,54,alif_variant,لاٮم,,,,3,"لَآئِمࣲ [hafs,shubah,bazzi,susi]  ||  لَٰٓئِمࣲ [qalun,warsh]  ||  لَآئِمٖ [duri]"
14937,5,1563,64,alif_variant,ٮداه,,,,3,"يَدَاهُ [hafs,shubah,duri,susi]  ||  يَدَاهُۥ [bazzi]  ||  يَدَٰهُ [qalun,warsh]"
14938,5,1564,64,alif_variant,مٮسوطٮاں,,,,2,"مَبۡسُوطَتَانِ [hafs,shubah,bazzi,duri,susi]  ||  مَبْسُوطَتَٰنِ [qalun,warsh]"
15087,5,1713,70,alif_variant,اسرٮل,,,,2,"إِسۡرَٰٓءِيلَ [hafs,shubah,bazzi,duri,susi]  ||  إِسْرَآءِيلَ [qalun,warsh]"
15134,5,1760,72,alif_variant,اسرٮل,,,,2,"إِسۡرَٰٓءِيلَ [hafs,shubah,bazzi,duri,susi]  ||  إِسْرَآءِيلَ [qalun,warsh]"
15201,5,1827,75,alif_variant,ٮاكلاں,,,,4,"يَأۡكُلَانِ [hafs,shubah,bazzi,duri]  ||  يَأْكُلَٰنِ [qalun]  ||  يَاكُلَٰنِ [warsh]  ||  يَاكُلَانِ [susi]"
15256,5,1882,78,alif_variant,اسرٮل,,,,2,"إِسۡرَٰٓءِيلَ [hafs,shubah,bazzi,duri,susi]  ||  إِسْرَآءِيلَ [qalun,warsh]"
15806,5,2432,106,alif_variant,اٮٮاں,,,,4,"ٱثۡنَانِ [hafs,shubah,bazzi]  ||  ࡴٜثْنَٰنِ [qalun,warsh]  ||  اِ۪ثۡنَانِ [duri]  ||  ࡵٜثۡنَانِ [susi]"
15811,5,2437,106,alif_variant,احراں,,,,3,"ءَاخَرَانِ [hafs,shubah,bazzi,duri,susi]  ||  ءَاخَرَٰنِ [qalun]  ||  اٰخَرَٰنِ [warsh]"
15826,5,2452,106,alif_variant,ڡٮڡسماں,,,,2,"فَيُقۡسِمَانِ [hafs,shubah,bazzi,duri,susi]  ||  فَيُقْسِمَٰنِ [qalun,warsh]"
15852,5,2478,107,alif_variant,ڡاحراں,,,,2,"فََٔاخَرَانِ [hafs,shubah,bazzi,duri,susi]  ||  فََٔاخَرَٰنِ [qalun,warsh]"
15853,5,2479,107,alif_variant,ٮڡوماں,,,,2,"يَقُومَانِ [hafs,shubah,bazzi,duri,susi]  ||  يَقُومَٰنِ [qalun,warsh]"
15860,5,2486,107,alif_variant,ڡٮڡسماں,,,,2,"فَيُقۡسِمَانِ [hafs,shubah,bazzi,duri,susi]  ||  فَيُقْسِمَٰنِ [qalun,warsh]"
15958,5,2584,110,alif_variant,اسرٮل,,,,2,"إِسۡرَٰٓءِيلَ [hafs,shubah,bazzi,duri,susi]  ||  إِسْرَآءِيلَ [qalun,warsh]"
17215,6,1037,63,rasm_variant,اٮحٮٮٮا,,,,4,"أَنجَىٰنَا [hafs,shubah]  ||  أَنجَيۡتَنَا [bazzi,duri,susi]  ||  أَنجَيْتَنَا [qalun]  ||  ࡰنجَيْتَنَا [warsh]"
17721,6,1543,92,alif_variant,مٮارك,,,,3,"مُبَارَكࣱ [hafs,shubah,bazzi,susi]  ||  مُبَٰرَكࣱ [qalun,warsh]  ||  مُبَارَكٞ [duri]"
17820,6,1642,95,alif_variant,ڡالٯ,,,,2,"فَالِقُ [hafs,shubah,bazzi,duri,susi]  ||  فَٰلِقُ [qalun,warsh]"
17842,6,1664,96,alif_variant,حسٮاٮا,,,,3,"حُسۡبَانࣰا [hafs,shubah,bazzi,susi]  ||  حُسْبَٰناࣰ [qalun,warsh]  ||  حُسۡبَانٗا [duri]"
17902,6,1724,99,alif_variant,اعٮاٮ,,,,4,"أَعۡنَابࣲ [hafs,shubah,bazzi,susi]  ||  أَعْنَٰبࣲ [qalun]  ||  ࡰعْنَٰبࣲ [warsh]  ||  أَعۡنَابٖ [duri]"
18334,6,2156,124,rasm_variant,رسلٮه,,,,3,"رِسَالَتَهُۥ [hafs,bazzi]  ||  رِسَٰلَٰتِهِۦ [shubah,qalun,warsh,duri]  ||  رِّسَٰلَٰتِهِۦ [susi]"
19020,6,2842,155,alif_variant,مٮارك,,,,3,"مُبَارَكࣱ [hafs,shubah,bazzi,susi]  ||  مُبَٰرَكࣱ [qalun,warsh]  ||  مُبَارَكٞ [duri]"
19466,7,238,22,alif_variant,ٮحصڡاں,,,,2,"يَخۡصِفَانِ [hafs,shubah,bazzi,duri,susi]  ||  يَخْصِفَٰنِ [qalun,warsh]"
19696,7,468,34,rasm_variant,ٮسٮاحروں,,,,4,"يَسۡتَأۡخِرُونَ [hafs,shubah,bazzi,duri]  ||  يَسْتَْٔخِرُونَ [qalun]  ||  يَسْتَٰخِرُونَ [warsh]  ||  يَسۡتَاخِرُونَ [susi]"
20117,7,889,54,alif_variant,ٮٮارك,,,,2,"تَبَارَكَ [hafs,shubah,bazzi,duri,susi]  ||  تَبَٰرَكَ [qalun,warsh]"
20930,7,1702,105,alif_variant,اسرٮل,,,,2,"إِسۡرَٰٓءِيلَ [hafs,shubah,bazzi,duri,susi]  ||  إِسْرَآءِيلَ [qalun,warsh]"
21234,7,2006,134,alif_variant,اسرٮل,,,,2,"إِسۡرَٰٓءِيلَ [hafs,shubah,bazzi,duri,susi]  ||  إِسْرَآءِيلَ [qalun,warsh]"
21269,7,2041,137,rasm_variant,كلمٮ,,,,2,"كَلِمَتُ [hafs,shubah,bazzi,duri,susi]  ||  كَلِمَةُ [qalun,warsh]"
21274,7,2046,137,alif_variant,اسرٮل,,,,2,"إِسۡرَٰٓءِيلَ [hafs,shubah,bazzi,duri,susi]  ||  إِسْرَآءِيلَ [qalun,warsh]"
21288,7,2060,138,alif_variant,اسرٮل,,,,2,"إِسۡرَٰٓءِيلَ [hafs,shubah,bazzi,duri,susi]  ||  إِسْرَآءِيلَ [qalun,warsh]"
21416,7,2188,144,rasm_variant,ٮرسلٮى,,,,3,"بِرِسَٰلَٰتِي [hafs,shubah,duri,susi]  ||  بِرِسَالَتِي [bazzi]  ||  بِرِسَالَتِے [qalun,warsh]"
22212,7,2984,184,alif_variant,ٮصاحٮهم,,,,3,"بِصَاحِبِهِم [hafs,shubah,duri,susi]  ||  بِصَاحِبِهِمُۥ [bazzi]  ||  بِصَٰحِبِهِم [qalun,warsh]"
22757,8,209,15,alif_variant,الادٮار,,,,5,"ٱلۡأَدۡبَارَ [hafs,shubah,bazzi]  ||  ࡲ۬لْأَدْبَٰرَ [qalun]  ||  ࡲ۬لَادْبَٰرَ [warsh]  ||  اُ۬لۡأَدۡبَارَ [duri]  ||  ࡲ۬لۡأَدۡبَارَ [susi]"
23166,8,618,41,alif_variant,الحمعاں,,,,4,"ٱلۡجَمۡعَانِ [hafs,shubah,bazzi]  ||  ࡰ۬لْجَمْعَٰنِ [qalun,warsh]  ||  اَ۬لۡجَمۡعَانِ [duri]  ||  ࡱ۬لۡجَمۡعَانِ [susi]"
23200,8,652,42,rasm_variant,حٮى,,,,4,"حَيَّ [hafs,duri,susi]  ||  حَِۧيَ [shubah,bazzi]  ||  حَۑِيَ [qalun]  ||  حَيِيَ [warsh]"
23305,8,757,48,alif_variant,الڡٮٮاں,,,,4,"ٱلۡفِئَتَانِ [hafs,shubah,bazzi]  ||  ࡴ۬لْفِئَتَٰنِ [qalun,warsh]  ||  اِ۬لۡفِئَتَانِ [duri]  ||  ࡵ۬لۡفِئَتَان [susi]"
24700,9,918,47,rasm_variant,ولاوصعوا,,,,3,"وَلَأَوۡضَعُواْ [hafs,shubah,bazzi]  ||  وَلَأَوْضَعُواْ [qalun,warsh]  ||  وَلَأَاْوۡضَعُواْ [duri,susi]"
25685,9,1903,,partial,مں,hafs|shubah|warsh|qalun|duri|susi,,,1,مِن [bazzi]
25793,9,2011,107,rasm_variant,والدٮں,,,,4,"وَٱلَّذِينَ [hafs,shubah,bazzi]  ||  ࡴ۬لذِينَ [qalun,warsh]  ||  وَاَلَّذِينَ [duri]  ||  وَࡱلَّذِينَ [susi]"
26811,10,530,26,word_boundary,ڡٮر,,,duri,2,"قَتَرࣱ [hafs,shubah,bazzi,qalun,warsh,susi]  ||  قَتَرٞ [duri]"
26812,10,531,26,word_boundary,ولا,,,duri,1,"وَلَا [hafs,shubah,bazzi,qalun,warsh,duri,susi]"
27793,10,1512,89,alif_variant,ٮٮٮعاں,,,,2,"تَتَّبِعَآنِّ [hafs,shubah,bazzi,duri,susi]  ||  تَتَّبِعَٰٓنِّ [qalun,warsh]"
27800,10,1519,90,alif_variant,اسرٮل,,,,2,"إِسۡرَٰٓءِيلَ [hafs,shubah,bazzi,duri,susi]  ||  إِسْرَآءِيلَ [qalun,warsh]"
27821,10,1540,90,alif_variant,اسرٮل,,,,2,"إِسۡرَٰٓءِيلَ [hafs,shubah,bazzi,duri,susi]  ||  إِسْرَآءِيلَ [qalun,warsh]"
27849,10,1568,93,alif_variant,اسرٮل,,,,2,"إِسۡرَٰٓءِيلَ [hafs,shubah,bazzi,duri,susi]  ||  إِسْرَآءِيلَ [qalun,warsh]"
28514,11,400,24,alif_variant,ٮسٮوٮاں,,,,2,"يَسۡتَوِيَانِ [hafs,shubah,bazzi,duri,susi]  ||  يَسْتَوِيَٰنِ [qalun,warsh]"
28823,11,709,43,alif_variant,عاصم,,,,2,"عَاصِمَ [hafs,shubah,bazzi,duri,susi]  ||  عَٰصِمَ [qalun,warsh]"
29368,11,1254,78,word_boundary,كاٮوا,,,duri,1,"كَانُواْ [hafs,shubah,bazzi,qalun,warsh,duri,susi]"
29369,11,1255,78,word_boundary,ٮعملوں,,,duri,2,"يَعۡمَلُونَ [hafs,shubah,bazzi,duri,susi]  ||  يَعْمَلُونَ [qalun,warsh]"
29752,11,1638,102,alif_variant,طلمه,,,,2,"ظَٰلِمَةٌ [hafs,shubah,bazzi,duri,susi]  ||  ظَالِمَةٌ [qalun,warsh]"
30557,12,526,36,alif_variant,ڡٮٮاں,,,,2,"فَتَيَانِ [hafs,shubah,bazzi,duri,susi]  ||  فَتَيَٰنِ [qalun,warsh]"
30585,12,554,37,alif_variant,ٮررڡاٮه,,,,4,"تُرۡزَقَانِهِۦٓ [hafs,shubah,duri]  ||  تُرۡزَقَانِهِۦ [bazzi,susi]  ||  تُرْزَقَٰنِهِۦ [qalun]  ||  تُرْزَقَٰنِهِۦٓ [warsh]"
30692,12,661,41,alif_variant,ٮسٮڡٮٮاں,,,,2,"تَسۡتَفۡتِيَانِ [hafs,shubah,bazzi,duri,susi]  ||  تَسْتَفْتِيَٰنِ [qalun,warsh]"
31387,12,1356,84,alif_variant,عٮٮاه,,,,3,"عَيۡنَاهُ [hafs,shubah,duri,susi]  ||  عَيۡنَاهُۥ [bazzi]  ||  عَيْنَٰهُ [qalun,warsh]"
31777,12,1746,110,rasm_variant,ڡٮحى,,,,3,"فَنُجِّيَ [hafs,shubah]  ||  فَنُۨجِي [bazzi,duri,susi]  ||  فَنُنجِے [qalun,warsh]"
31919,13,111,5,alif_variant,اعٮاڡهم,,,,3,"أَعۡنَاقِهِمۡ [hafs,shubah,duri,susi]  ||  أَعۡنَاقِهِمُۥ [bazzi]  ||  أَعْنَٰقِهِمْ [qalun,warsh]"
32256,13,448,22,alif_variant,وعلاٮٮه,,,,3,"وَعَلَانِيَةࣰ [hafs,shubah,bazzi,susi]  ||  وَعَلَٰنِيَةࣰ [qalun,warsh]  ||  وَعَلَانِيَةٗ [duri]"
33201,14,539,31,alif_variant,وعلاٮٮه,,,,3,"وَعَلَانِيَةࣰ [hafs,shubah,bazzi,susi]  ||  وَعَلَٰنِيَةࣰ [qalun,warsh]  ||  وَعَلَانِيَةٗ [duri]"
35766,16,1620,112,alif_variant,ڡادڡها,,,,2,"فَأَذَٰقَهَا [hafs,shubah,bazzi,duri,susi]  ||  فَأَذَاقَهَا [qalun,warsh]"
36018,17,28,2,alif_variant,اسرٮل,,,,2,"إِسۡرَٰٓءِيلَ [hafs,shubah,bazzi,duri,susi]  ||  إِسْرَآءِيلَ [qalun,warsh]"
36036,17,46,4,alif_variant,اسرٮل,,,,2,"إِسۡرَٰٓءِيلَ [hafs,shubah,bazzi,duri,susi]  ||  إِسْرَآءِيلَ [qalun,warsh]"
36329,17,339,24,alif_variant,رٮٮاٮى,,,,2,"رَبَّيَانِي [hafs,shubah,bazzi,duri,susi]  ||  رَبَّيَٰنِے [qalun,warsh]"
37273,17,1283,93,rasm_variant,ڡل,,,,3,"قُلۡ [hafs,shubah,duri,susi]  ||  قَالَ [bazzi]  ||  قُلْ [qalun,warsh]"
37274,17,1284,93,alif_variant,سٮحاں,,,,2,"سُبۡحَانَ [hafs,shubah,bazzi,duri,susi]  ||  سُبْحَٰنَ [qalun,warsh]"
37407,17,1417,101,alif_variant,اسرٮل,,,,2,"إِسۡرَٰٓءِيلَ [hafs,shubah,bazzi,duri,susi]  ||  إِسْرَآءِيلَ [qalun,warsh]"
37445,17,1455,104,alif_variant,اسرٮل,,,,2,"إِسۡرَٰٓءِيلَ [hafs,shubah,bazzi,duri,susi]  ||  إِسْرَآءِيلَ [qalun,warsh]"
37989,18,443,28,alif_variant,عٮٮاك,,,,2,"عَيۡنَاكَ [hafs,shubah,bazzi,duri,susi]  ||  عَيْنَٰكَ [qalun,warsh]"
38135,18,589,36,rasm_variant,مٮها,,,,3,"مِّنۡهَا [hafs,shubah,duri,susi]  ||  مِّنۡهُمَا [bazzi]  ||  مِّنْهُمَا [qalun,warsh]"
38139,18,593,37,alif_variant,صاحٮه,,,,2,"صَاحِبُهُۥ [hafs,shubah,bazzi,duri,susi]  ||  صَٰحِبُهُۥ [qalun,warsh]"
38189,18,643,40,alif_variant,حسٮاٮا,,,,3,"حُسۡبَانࣰا [hafs,shubah,bazzi,susi]  ||  حُسْبَٰناࣰ [qalun,warsh]  ||  حُسۡبَانٗا [duri]"
38456,18,910,57,alif_variant,ٮداه,,,,3,"يَدَاهُ [hafs,shubah,duri,susi]  ||  يَدَاهُۥ [bazzi]  ||  يَدَٰهُ [qalun,warsh]"
38753,18,1207,80,alif_variant,اٮواه,,,,3,"أَبَوَاهُ [hafs,shubah,duri,susi]  ||  أَبَوَاهُۥ [bazzi]  ||  أَبَوَٰهُ [qalun,warsh]"
38936,18,1390,95,rasm_variant,مكٮى,,,,3,"مَكَّنِّي [hafs,shubah,duri,susi]  ||  مَكَّنَنِي [bazzi]  ||  مَكَّنِّے [qalun,warsh]"
39298,19,173,19,rasm_variant,لاهٮ,,,,4,"لِأَهَبَ [hafs,shubah,bazzi,qalun]  ||  لِاَهَبَ [warsh]  ||  لِاَ۬هَبَ [duri]  ||  لِاَۧهَبَ [susi]"
39422,19,297,31,alif_variant,مٮاركا,,,,2,"مُبَارَكًا [hafs,shubah,bazzi,duri,susi]  ||  مُبَٰرَكاً [qalun,warsh]"
39709,19,584,58,alif_variant,واسرٮل,,,,2,"وَإِسۡرَٰٓءِيلَ [hafs,shubah,bazzi,duri,susi]  ||  وَإِسْرَآءِيلَ [qalun,warsh]"
40405,20,319,47,alif_variant,ڡاٮٮاه,,,,5,"فَأۡتِيَاهُ [hafs,shubah,duri]  ||  فَأۡتِيَاهُۥ [bazzi]  ||  فَأْتِيَٰهُ [qalun]  ||  فَاتِيَٰهُ [warsh]  ||  فَاتِيَاهُ [susi]"
40413,20,327,47,alif_variant,اسرٮل,,,,2,"إِسۡرَٰٓءِيلَ [hafs,shubah,bazzi,duri,susi]  ||  إِسْرَآءِيلَ [qalun,warsh]"
40566,20,480,63,alif_variant,ٮرٮداں,,,,2,"يُرِيدَانِ [hafs,shubah,bazzi,duri,susi]  ||  يُرِيدَٰنِ [qalun,warsh]"
40568,20,482,63,alif_variant,ٮحرحاكم,,,,3,"يُخۡرِجَاكُم [hafs,shubah,duri,susi]  ||  يُخۡرِجَاكُمُۥ [bazzi]  ||  يُّخْرِجَٰكُم [qalun,warsh]"
40769,20,683,80,alif_variant,اسرٮل,,,,2,"إِسۡرَٰٓءِيلَ [hafs,shubah,bazzi,duri,susi]  ||  إِسْرَآءِيلَ [qalun,warsh]"
40946,20,860,94,alif_variant,اسرٮل,,,,2,"إِسۡرَٰٓءِيلَ [hafs,shubah,bazzi,duri,susi]  ||  إِسْرَآءِيلَ [qalun,warsh]"
41131,20,1045,112,rasm_variant,ٮحاڡ,,,,2,"يَخَافُ [hafs,shubah,qalun,warsh,duri,susi]  ||  يَخَفۡ [bazzi]"
41230,20,1144,121,alif_variant,ٮحصڡاں,,,,2,"يَخۡصِفَانِ [hafs,shubah,bazzi,duri,susi]  ||  يَخْصِفَٰنِ [qalun,warsh]"
41440,21,19,3,alif_variant,لاهٮه,,,,3,"لَاهِيَةࣰ [hafs,shubah,bazzi,susi]  ||  لَٰهِيَةࣰ [qalun,warsh]  ||  لَاهِيَةٗ [duri]"
41455,21,34,4,rasm_variant,ڡل,,,,2,"قَالَ [hafs]  ||  قُل [shubah,bazzi,qalun,warsh,duri,susi]"
41720,21,299,30,rasm_variant,اولم,,,,3,"أَوَلَمۡ [hafs,shubah,duri,susi]  ||  أَلَمۡ [bazzi]  ||  أَوَلَمْ [qalun,warsh]"
41966,21,545,50,alif_variant,مٮارك,,,,2,"مُّبَارَكٌ [hafs,shubah,bazzi,duri,susi]  ||  مُّبَٰرَكٌ [qalun,warsh]"
42212,21,791,78,alif_variant,ٮحكماں,,,,2,"يَحۡكُمَانِ [hafs,shubah,bazzi,duri,susi]  ||  يَحْكُمَٰنِ [qalun,warsh]"
42341,21,920,88,rasm_variant,ٮحى,,,,3,"نُۨجِي [hafs,bazzi,duri,susi]  ||  نُجِّي [shubah]  ||  نُنجِے [qalun,warsh]"
42770,22,180,10,alif_variant,ٮداك,,,,2,"يَدَاكَ [hafs,shubah,bazzi,duri,susi]  ||  يَدَٰكَ [qalun,warsh]"
42932,22,342,19,alif_variant,هداں,,,,3,"هَٰذَانِ [hafs,shubah,duri,susi]  ||  هَٰذَآنِّ [bazzi]  ||  هَٰذَٰنِ [qalun,warsh]"
42933,22,343,19,alif_variant,حصماں,,,,2,"خَصۡمَانِ [hafs,shubah,bazzi,duri,susi]  ||  خَصْمَٰنِ [qalun,warsh]"
43952,23,88,14,alif_variant,ڡٮٮارك,,,,2,"فَتَبَارَكَ [hafs,shubah,bazzi,duri,susi]  ||  فَتَبَٰرَكَ [qalun,warsh]"
44138,23,274,29,alif_variant,مٮاركا,,,,3,"مُّبَارَكࣰا [hafs,shubah,bazzi,susi]  ||  مُّبَٰرَكاࣰ [qalun,warsh]  ||  مُّبَارَكٗا [duri]"
44635,23,771,87,rasm_variant,لله,,,,4,"لِلَّهِ [hafs,shubah,bazzi]  ||  لِلهِ [qalun,warsh]  ||  اَ۬للَّهُ [duri]  ||  ࡱ۬للَّهُ [susi]"
44654,23,790,89,rasm_variant,لله,,,,4,"لِلَّهِ [hafs,shubah,bazzi]  ||  لِلهِ [qalun,warsh]  ||  اَ۬للَّهُ [duri]  ||  ࡱ۬للَّهُ [susi]"
44847,23,983,112,rasm_variant,ڡل,,,,3,"قَٰلَ [hafs,shubah,duri,susi]  ||  قُلۡ [bazzi]  ||  قَالَ [qalun,warsh]"
44862,23,998,114,alif_variant,ڡل,,,,2,"قَٰلَ [hafs,shubah,bazzi,duri,susi]  ||  قَالَ [qalun,warsh]"
46231,25,1,1,alif_variant,ٮٮارك,,,,2,"تَبَارَكَ [hafs,shubah,bazzi,duri,susi]  ||  تَبَٰرَكَ [qalun,warsh]"
46360,25,130,10,alif_variant,ٮٮارك,,,,2,"تَبَارَكَ [hafs,shubah,bazzi,duri,susi]  ||  تَبَٰرَكَ [qalun,warsh]"
46555,25,325,25,rasm_variant,وٮرل,,,,2,"وَنُزِّلَ [hafs,shubah,qalun,warsh,duri,susi]  ||  وَنُنزِلُ [bazzi]"
46582,25,352,28,alif_variant,ڡلاٮا,,,,2,"فُلَانًا [hafs,shubah,bazzi,duri,susi]  ||  فُلَٰناً [qalun,warsh]"
46944,25,714,61,alif_variant,ٮٮارك,,,,2,"تَبَارَكَ [hafs,shubah,bazzi,duri,susi]  ||  تَبَٰرَكَ [qalun,warsh]"
47239,26,116,17,alif_variant,اسرٮل,,,,2,"إِسۡرَٰٓءِيلَ [hafs,shubah,bazzi,duri,susi]  ||  إِسْرَآءِيلَ [qalun,warsh]"
47281,26,158,22,alif_variant,اسرٮل,,,,2,"إِسۡرَٰٓءِيلَ [hafs,shubah,bazzi,duri,susi]  ||  إِسْرَآءِيلَ [qalun,warsh]"
47521,26,398,59,alif_variant,اسرٮل,,,,2,"إِسۡرَٰٓءِيلَ [hafs,shubah,bazzi,duri,susi]  ||  إِسْرَآءِيلَ [qalun,warsh]"
47526,26,403,61,alif_variant,الحمعاں,,,,4,"ٱلۡجَمۡعَانِ [hafs,shubah,bazzi]  ||  ࡰ۬لْجَمْعَٰنِ [qalun,warsh]  ||  اَ۬لۡجَمۡعَانِ [duri]  ||  ࡱ۬لۡجَمۡعَانِ [susi]"
48279,26,1156,197,alif_variant,اسرٮل,,,,2,"إِسۡرَٰٓءِيلَ [hafs,shubah,bazzi,duri,susi]  ||  إِسْرَآءِيلَ [qalun,warsh]"
48378,26,1255,217,rasm_variant,وٮوكل,,,,2,"وَتَوَكَّلۡ [hafs,shubah,bazzi,duri,susi]  ||  فَتَوَكَّلْ [qalun,warsh]"
48679,27,238,20,word_boundary,ما,,,bazzi|duri,1,"مَا [hafs,shubah,bazzi,qalun,warsh,duri,susi]"
48680,27,239,20,word_boundary,لى,,,bazzi|duri,3,"لِيَ [hafs,shubah,bazzi]  ||  لِے [qalun,warsh]  ||  لِي [duri,susi]"
48694,27,253,21,rasm_variant,لٮاٮٮٮى,,,,5,"لَيَأۡتِيَنِّي [hafs,shubah,duri]  ||  لَيَأۡتِيَنَّنِي [bazzi]  ||  لَيَأْتِيَنِّے [qalun]  ||  لَيَاتِيَنِّے [warsh]  ||  لَيَاتِيَنِّي [susi]"
48841,27,400,35,alif_variant,ڡٮاطره,,,,2,"فَنَاظِرَةُۢ [hafs,shubah,bazzi,duri,susi]  ||  فَنَٰظِرَةُۢ [qalun,warsh]"
48852,27,411,36,rasm_variant,اٮٮں,,,,4,"ءَاتَىٰنِۦَ [hafs,duri,susi]  ||  ءَاتَىٰنِ [shubah,bazzi]  ||  ءَاتَيٰنِࣉَ [qalun]  ||  ءَاتٜيٰنِࣉَ [warsh]"
49015,27,574,45,alif_variant,ڡرٮڡاں,,,,2,"فَرِيقَانِ [hafs,shubah,bazzi,duri,susi]  ||  فَرِيقَٰنِ [qalun,warsh]"
49377,27,936,76,alif_variant,اسرٮل,,,,2,"إِسۡرَٰٓءِيلَ [hafs,shubah,bazzi,duri,susi]  ||  إِسْرَآءِيلَ [qalun,warsh]"
49644,28,52,6,alif_variant,وهمں,,,,2,"وَهَٰمَٰنَ [hafs,shubah,bazzi,duri,susi]  ||  وَهَامَٰنَ [qalun,warsh]"
49681,28,89,8,alif_variant,وهمں,,,,2,"وَهَٰمَٰنَ [hafs,shubah,bazzi,duri,susi]  ||  وَهَامَٰنَ [qalun,warsh]"
49709,28,117,10,alif_variant,كادٮ,,,,2,"كَادَتۡ [hafs,shubah,bazzi,duri,susi]  ||  كَٰدَتْ [qalun,warsh]"
49783,28,191,15,alif_variant,ٮڡٮٮلاں,,,,2,"يَقۡتَتِلَانِ [hafs,shubah,bazzi,duri,susi]  ||  يَقْتَتِلَٰنِ [qalun,warsh]"
49934,28,342,23,alif_variant,ٮدوداں,,,,2,"تَذُودَانِ [hafs,shubah,bazzi,duri,susi]  ||  تَذُودَٰنِ [qalun,warsh]"
50122,28,530,32,alif_variant,ٮرهٮاں,,,,2,"بُرۡهَٰنَانِ [hafs,shubah,bazzi,duri,susi]  ||  بُرْهَٰنَٰنِ [qalun,warsh]"
50187,28,595,37,rasm_variant,وڡال,,,,2,"وَقَالَ [hafs,shubah,qalun,warsh,duri,susi]  ||  قَالَ [bazzi]"
50217,28,625,38,alif_variant,ٮهمں,,,,2,"يَٰهَٰمَٰنُ [hafs,shubah,bazzi,duri,susi]  ||  يَٰهَامَٰنُ [qalun,warsh]"
50378,28,786,48,rasm_variant,سحراں,,,,3,"سِحۡرَانِ [hafs,shubah]  ||  سَٰحِرَانِ [bazzi,duri,susi]  ||  سَٰحِرَٰنِ [qalun,warsh]"
50761,28,1169,76,alif_variant,ڡروں,,,,2,"قَٰرُونَ [hafs,shubah,bazzi,duri,susi]  ||  قَارُونَ [qalun,warsh]"
50858,28,1266,79,alif_variant,ڡروں,,,,2,"قَٰرُونُ [hafs,shubah,bazzi,duri,susi]  ||  قَارُونُ [qalun,warsh]"
51094,29,72,8,alif_variant,حهداك,,,,2,"جَٰهَدَاكَ [hafs,shubah,bazzi,duri,susi]  ||  جَٰهَدَٰكَ [qalun,warsh]"
51560,29,538,39,alif_variant,وڡروں,,,,2,"وَقَٰرُونَ [hafs,shubah,bazzi,duri,susi]  ||  وَقَارُونَ [qalun,warsh]"
51562,29,540,39,alif_variant,وهمں,,,,2,"وَهَٰمَٰنَ [hafs,shubah,bazzi,duri,susi]  ||  وَهَامَٰنَ [qalun,warsh]"
52070,30,72,8,rasm_variant,ٮلڡاى,,,,2,"بِلِقَآيِٕ [hafs,shubah,bazzi,duri,susi]  ||  بِلِقَآءِ [qalun,warsh]"
52159,30,161,16,rasm_variant,ولڡاى,,,,2,"وَلِقَآيِٕ [hafs,shubah,bazzi,duri,susi]  ||  وَلِقَآءِ [qalun,warsh]"
52982,31,167,15,alif_variant,حهداك,,,,2,"جَٰهَدَاكَ [hafs,shubah,bazzi,duri,susi]  ||  جَٰهَدَٰكَ [qalun,warsh]"
53654,32,293,23,alif_variant,اسرٮل,,,,2,"إِسۡرَٰٓءِيلَ [hafs,shubah,bazzi,duri,susi]  ||  إِسْرَآءِيلَ [qalun,warsh]"
53776,33,43,4,rasm_variant,الى,,,,6,"ٱلَِّٰٓٔي [hafs,shubah]  ||  ٱلَّٰٓيۡ [bazzi]  ||  ࡲ۬لَّٰٓئِے [qalun]  ||  ࡲ۬لٜےْ [warsh]  ||  اُ۬لَّٰٓيۡ [duri]  ||  ࡲ۬لَّٰٓيۡ [susi]"
55289,34,269,15,alif_variant,حٮٮاں,,,,2,"جَنَّتَانِ [hafs,shubah,bazzi,duri,susi]  ||  جَنَّتَٰنِ [qalun,warsh]"
55800,34,780,46,alif_variant,ٮصاحٮكم,,,,3,"بِصَاحِبِكُم [hafs,shubah,duri,susi]  ||  بِصَاحِبِكُمُۥ [bazzi]  ||  بِصَٰحِبِكُم [qalun,warsh]"
56121,35,218,12,alif_variant,الٮحراں,,,,4,"ٱلۡبَحۡرَانِ [hafs,shubah,bazzi]  ||  ࡴ۬لْبَحْرَٰنِ [qalun,warsh]  ||  اِ۬لۡبَحۡرَانِ [duri]  ||  ࡵ۬لۡبَحۡرَانِ [susi]"
56362,35,459,29,alif_variant,وعلاٮٮه,,,,3,"وَعَلَانِيَةࣰ [hafs,shubah,bazzi,susi]  ||  وَعَلَٰنِيَةࣰ [qalun,warsh]  ||  وَعَلَانِيَةٗ [duri]"
56602,35,699,43,rasm_variant,السٮى,,,,5,"ٱلسَّيِّيِٕ [hafs,shubah,bazzi]  ||  ࡰ۬لسَّيِّئِے [qalun]  ||  ࡰ۬لسَّيِّےِٕ [warsh]  ||  اَ۬لسَّيِّيِٕ [duri]  ||  ࡱ۬لسَّيِّيِٕ [susi]"
56845,36,167,22,word_boundary,وما,,,bazzi|duri,1,"وَمَا [hafs,shubah,bazzi,qalun,warsh,duri,susi]"
56846,36,168,22,word_boundary,لى,,,bazzi|duri,1,"لِيَ [hafs,shubah,bazzi,qalun,warsh,duri,susi]"
56964,36,286,35,rasm_variant,عملٮه,,,,4,"عَمِلَتۡهُ [hafs,duri,susi]  ||  عَمِلَتۡ [shubah]  ||  عَمِلَتۡهُۥ [bazzi]  ||  عَمِلَتْهُ [qalun,warsh]"
57462,37,59,11,alif_variant,لارٮ,,,,3,"لَّازِبِۭ [hafs,shubah,bazzi,susi]  ||  لَّٰزِبِۢ [qalun,warsh]  ||  لَّازِبِۢ [duri]"
57749,37,346,68,rasm_variant,لالى,,,,2,"لَإِلَى [hafs,shubah,bazzi,qalun,warsh]  ||  لَإِاْلَى [duri,susi]"
58448,38,184,22,alif_variant,حصماں,,,,2,"خَصۡمَانِ [hafs,shubah,bazzi,duri,susi]  ||  خَصْمَٰنِ [qalun,warsh]"
59500,39,503,29,alif_variant,ٮسٮوٮاں,,,,2,"يَسۡتَوِيَانِ [hafs,shubah,bazzi,duri,susi]  ||  يَسْتَوِيَٰنِ [qalun,warsh]"
59548,39,551,34,rasm_variant,حرا,,,,2,"جَزَآءُ [hafs,shubah,bazzi,duri,susi]  ||  جَزَٰٓؤُاْ [qalun,warsh]"
60056,39,1059,69,rasm_variant,وحاى,,,,2,"وَجِاْيٓءَ [hafs,shubah,bazzi,duri,susi]  ||  وَجِےٓءَ [qalun,warsh]"
60370,40,201,15,alif_variant,الٮلاٯ,,,,6,"ٱلتَّلَاقِ [hafs,shubah]  ||  ٱلتَّلَاقِۦ [bazzi]  ||  ࡰ۬لتَّلَٰقِ [qalun]  ||  ࡰ۬لتَّلَٰقِۦ [warsh]  ||  اَ۬لتَّلَاقِ [duri]  ||  ࡱ۬لتَّلَاقِ [susi]"
60486,40,317,24,alif_variant,وهمں,,,,2,"وَهَٰمَٰنَ [hafs,shubah,bazzi,duri,susi]  ||  وَهَامَٰنَ [qalun,warsh]"
60487,40,318,24,alif_variant,وڡروں,,,,2,"وَقَٰرُونَ [hafs,shubah,bazzi,duri,susi]  ||  وَقَارُونَ [qalun,warsh]"
60522,40,353,26,partial,او,warsh|qalun|duri|susi|bazzi,,,1,"أَوۡ [hafs,shubah]"
60523,40,354,26,rasm_variant,واں,,,,3,"أَن [hafs,shubah]  ||  وَأَن [bazzi,duri,susi]  ||  وَأَنْ [qalun,warsh]"
60644,40,475,33,alif_variant,عاصم,,,,3,"عَاصِمࣲ [hafs,shubah,bazzi,susi]  ||  عَٰصِمࣲ [qalun,warsh]  ||  عَاصِمٖ [duri]"
60707,40,538,36,alif_variant,ٮهمں,,,,2,"يَٰهَٰمَٰنُ [hafs,shubah,bazzi,duri,susi]  ||  يَٰهَامَٰنُ [qalun,warsh]"
60947,40,778,53,alif_variant,اسرٮل,,,,2,"إِسۡرَٰٓءِيلَ [hafs,shubah,bazzi,duri,susi]  ||  إِسْرَآءِيلَ [qalun,warsh]"
61093,40,924,64,alif_variant,ڡٮٮارك,,,,2,"فَتَبَارَكَ [hafs,shubah,bazzi,duri,susi]  ||  فَتَبَٰرَكَ [qalun,warsh]"
61761,41,373,29,alif_variant,اصلاٮا,,,,2,"أَضَلَّانَا [hafs,shubah,bazzi,duri,susi]  ||  أَضَلَّٰنَا [qalun,warsh]"
62695,42,513,30,rasm_variant,ڡٮما,,,,2,"فَبِمَا [hafs,shubah,bazzi,duri,susi]  ||  بِمَا [qalun,warsh]"
63616,43,574,59,alif_variant,اسرٮل,,,,2,"إِسۡرَٰٓءِيلَ [hafs,shubah,bazzi,duri,susi]  ||  إِسْرَآءِيلَ [qalun,warsh]"
63696,43,654,68,rasm_variant,ٮعٮادى,,,,4,"يَٰعِبَادِ [hafs,bazzi]  ||  يَٰعِبَادِيَ [shubah]  ||  يَٰعِبَادِے [qalun,warsh]  ||  يَٰعِبَادِي [duri,susi]"
63722,43,680,71,rasm_variant,ٮسٮهى,,,,3,"تَشۡتَهِيهِ [hafs]  ||  تَشۡتَهِي [shubah,bazzi,duri,susi]  ||  تَشْتَهِيهِ [qalun,warsh]"
63826,43,784,85,alif_variant,وٮٮارك,,,,2,"وَتَبَارَكَ [hafs,shubah,bazzi,duri,susi]  ||  وَتَبَٰرَكَ [qalun,warsh]"
64048,44,176,30,alif_variant,اسرٮل,,,,2,"إِسۡرَٰٓءِيلَ [hafs,shubah,bazzi,duri,susi]  ||  إِسْرَآءِيلَ [qalun,warsh]"
64390,45,172,16,alif_variant,اسرٮل,,,,2,"إِسۡرَٰٓءِيلَ [hafs,shubah,bazzi,duri,susi]  ||  إِسْرَآءِيلَ [qalun,warsh]"
64861,46,155,10,alif_variant,اسرٮل,,,,2,"إِسۡرَٰٓءِيلَ [hafs,shubah,bazzi,duri,susi]  ||  إِسْرَآءِيلَ [qalun,warsh]"
64932,46,226,15,rasm_variant,حسٮا,,,,3,"إِحۡسَٰنًا [hafs,shubah]  ||  حُسۡنًا [bazzi,duri,susi]  ||  حُسْناً [qalun,warsh]"
64997,46,291,17,alif_variant,اٮعداٮٮى,,,,4,"أَتَعِدَانِنِيٓ [hafs,shubah,duri]  ||  أَتَعِدَانِنِيَ [bazzi]  ||  أَتَعِدَٰنِنِيَ [qalun,warsh]  ||  أَتَعِدَانِنِي [susi]"
65006,46,300,17,alif_variant,ٮسٮعٮٮاں,,,,2,"يَسۡتَغِيثَانِ [hafs,shubah,bazzi,duri,susi]  ||  يَسْتَغِيثَٰنِ [qalun,warsh]"
66577,49,129,9,alif_variant,طاٮڡٮاں,,,,2,"طَآئِفَتَانِ [hafs,shubah,bazzi,duri,susi]  ||  طَآئِفَتَٰنِ [qalun,warsh]"
66932,50,137,17,alif_variant,المٮلڡٮاں,,,,4,"ٱلۡمُتَلَقِّيَانِ [hafs,shubah,bazzi]  ||  ࡰ۬لْمُتَلَقِّيَٰنِ [qalun,warsh]  ||  اَ۬لۡمُتَلَقِّيَانِ [duri]  ||  ࡱ۬لۡمُتَلَقِّيَانِ [susi]"
67001,50,206,26,alif_variant,ڡالڡٮاه,,,,3,"فَأَلۡقِيَاهُ [hafs,shubah,duri,susi]  ||  فَأَلۡقِيَاهُۥ [bazzi]  ||  فَأَلْقِيَٰهُ [qalun,warsh]"
67846,53,6,2,alif_variant,صاحٮكم,,,,3,"صَاحِبُكُمۡ [hafs,shubah,duri,susi]  ||  صَاحِبُكُمُۥ [bazzi]  ||  صَٰحِبُكُمْ [qalun,warsh]"
68385,54,185,29,alif_variant,صاحٮهم,,,,3,"صَاحِبَهُمۡ [hafs,shubah,duri,susi]  ||  صَاحِبَهُمُۥ [bazzi]  ||  صَٰحِبَهُمْ [qalun,warsh]"
68555,55,13,6,alif_variant,ٮسحداں,,,,2,"يَسۡجُدَانِ [hafs,shubah,bazzi,duri,susi]  ||  يَسْجُدَٰنِ [qalun,warsh]"
68611,55,69,19,alif_variant,ٮلٮڡٮاں,,,,2,"يَلۡتَقِيَانِ [hafs,shubah,bazzi,duri,susi]  ||  يَلْتَقِيَٰنِ [qalun,warsh]"
68615,55,73,20,alif_variant,ٮٮعٮاں,,,,2,"يَبۡغِيَانِ [hafs,shubah,bazzi,duri,susi]  ||  يَبْغِيَٰنِ [qalun,warsh]"
68622,55,80,22,rasm_variant,اللولو,,,,5,"ٱللُّؤۡلُؤُ [hafs,bazzi]  ||  ٱللُّولُؤُ [shubah]  ||  ࡰ۬للُّؤْلُؤُاْ [qalun,warsh]  ||  اَ۬للُّؤۡلُؤُ [duri]  ||  ࡱ۬للُّولُؤُ [susi]"
68669,55,127,31,alif_variant,الٮڡلاں,,,,4,"ٱلثَّقَلَانِ [hafs,shubah,bazzi]  ||  ࡰ۬لثَّقَلَٰنِ [qalun,warsh]  ||  اَ۬لثَّقَلَانِ [duri]  ||  ࡱ۬لثَّقَلَانِ [susi]"
68701,55,159,35,alif_variant,ٮٮٮصراں,,,,2,"تَنتَصِرَانِ [hafs,shubah,bazzi,duri,susi]  ||  تَنتَصِرَٰنِ [qalun,warsh]"
68757,55,215,46,alif_variant,حٮٮاں,,,,2,"جَنَّتَانِ [hafs,shubah,bazzi,duri,susi]  ||  جَنَّتَٰنِ [qalun,warsh]"
68769,55,227,50,alif_variant,عٮٮاں,,,,2,"عَيۡنَانِ [hafs,shubah,bazzi,duri,susi]  ||  عَيْنَٰنِ [qalun,warsh]"
68770,55,228,50,alif_variant,ٮحرٮاں,,,,2,"تَجۡرِيَانِ [hafs,shubah,bazzi,duri,susi]  ||  تَجْرِيَٰنِ [qalun,warsh]"
68779,55,237,52,alif_variant,روحاں,,,,2,"زَوۡجَانِ [hafs,shubah,bazzi,duri,susi]  ||  زَوْجَٰنِ [qalun,warsh]"
68790,55,248,54,rasm_variant,وحٮى,,,,2,"وَجَنَى [hafs,shubah,bazzi,duri,susi]  ||  وَجَنَا [qalun,warsh]"
68828,55,286,62,alif_variant,حٮٮاں,,,,2,"جَنَّتَانِ [hafs,shubah,bazzi,duri,susi]  ||  جَنَّتَٰنِ [qalun,warsh]"
68833,55,291,64,alif_variant,مدهامٮاں,,,,2,"مُدۡهَآمَّتَانِ [hafs,shubah,bazzi,duri,susi]  ||  مُدْهَآمَّتَٰنِ [qalun,warsh]"
68839,55,297,66,alif_variant,عٮٮاں,,,,3,"عَيۡنَانِ [hafs,shubah,bazzi,duri]  ||  عَيْنَٰنِ [qalun,warsh]  ||  عَيۡنَان [susi]"
68840,55,298,66,alif_variant,ٮصاحٮاں,,,,3,"نَضَّاخَتَانِ [hafs,shubah,bazzi,duri]  ||  نَضَّاخَتَٰنِ [qalun,warsh]  ||  نَّضَّاخَتَانِ [susi]"
68899,56,6,2,alif_variant,كادٮه,,,,2,"كَاذِبَةٌ [hafs,shubah,bazzi,duri,susi]  ||  كَٰذِبَةٌ [qalun,warsh]"
69720,57,448,24,partial,هو,warsh|qalun,,,2,"هُوَ [hafs,shubah,bazzi,duri]  ||  هُّوَ [susi]"
69876,58,30,2,rasm_variant,الى,,,,6,"ٱلَِّٰٓٔي [hafs,shubah]  ||  ٱلَّٰٓيۡ [bazzi]  ||  ࡰ۬لَّٰٓئِے [qalun]  ||  ࡰ۬لٜےْ [warsh]  ||  اَ۬لَّٰٓيۡ [duri]  ||  ࡱ۬لَّٰٓيۡ [susi]"
70587,59,269,13,rasm_variant,لاٮٮم,,,,5,"لَأَنتُمۡ [hafs,shubah]  ||  لَأَنتُمُۥ [bazzi]  ||  لَأَنتُمْ [qalun]  ||  لَأَنتُمُۥٓ [warsh]  ||  لَأَاْنتُمۡ [duri,susi]"
70655,59,337,17,alif_variant,حلدٮں,,,,2,"خَٰلِدَيۡنِ [hafs,shubah,bazzi,duri,susi]  ||  خَالِدَيْنِ [qalun,warsh]"
71180,61,69,6,alif_variant,اسرٮل,,,,2,"إِسۡرَٰٓءِيلَ [hafs,shubah,bazzi,duri,susi]  ||  إِسْرَآءِيلَ [qalun,warsh]"
71302,61,191,14,rasm_variant,اٮصارا,,,,4,"أَنصَارَ [hafs,shubah]  ||  أَنصَارࣰا [bazzi,susi]  ||  أَنصَاراࣰ [qalun,warsh]  ||  أَنصَارٗا [duri]"
71303,61,192,14,rasm_variant,لله,,,,3,"ٱللَّهِ [hafs,shubah]  ||  لِّلَّهِ [bazzi,duri,susi]  ||  لِّلهِ [qalun,warsh]"
71323,61,212,14,alif_variant,اسرٮل,,,,2,"إِسۡرَٰٓءِيلَ [hafs,shubah,bazzi,duri,susi]  ||  إِسْرَآءِيلَ [qalun,warsh]"
72021,65,93,4,rasm_variant,والى,,,,6,"وَٱلَِّٰٓٔي [hafs,shubah]  ||  وَٱلَّٰٓيۡ [bazzi]  ||  وَالَّٰٓئِے [qalun]  ||  وَالٜےْ [warsh]  ||  وَاَلَّٰٓيۡ [duri]  ||  وَࡱلَّٰٓيۡ [susi]"
72032,65,104,4,rasm_variant,والى,,,,6,"وَٱلَِّٰٓٔي [hafs,shubah]  ||  وَٱلَّٰٓيۡ [bazzi]  ||  وَالَّٰٓئِے [qalun]  ||  وَالٜےْ [warsh]  ||  وَاَلَّٰٓيۡ [duri]  ||  وَࡱلَّٰٓيۡ [susi]"
72320,66,105,6,alif_variant,علاط,,,,3,"غِلَاظࣱ [hafs,shubah,bazzi,susi]  ||  غِلَٰظࣱ [qalun,warsh]  ||  غِلَاظٞ [duri]"
72411,66,196,10,alif_variant,صلحٮں,,,,2,"صَٰلِحَيۡنِ [hafs,shubah,bazzi,duri,susi]  ||  صَالِحَيْنِ [qalun,warsh]"
72412,66,197,10,alif_variant,ڡحاٮٮاهما,,,,2,"فَخَانَتَاهُمَا [hafs,shubah,bazzi,duri,susi]  ||  فَخَانَتَٰهُمَا [qalun,warsh]"
72841,68,44,10,alif_variant,حلاڡ,,,,3,"حَلَّافࣲ [hafs,shubah,bazzi,susi]  ||  حَلَّٰفࣲ [qalun,warsh]  ||  حَلَّافٖ [duri]"
73060,68,263,48,alif_variant,كصاحٮ,,,,2,"كَصَاحِبِ [hafs,shubah,bazzi,duri,susi]  ||  كَصَٰحِبِ [qalun,warsh]"
73950,72,152,16,word_boundary,واں,,hafs|shubah|bazzi,,2,"وَأَلَّوِ [hafs,shubah,bazzi]  ||  وَأَن [qalun,warsh,duri,susi]"
73951,72,153,16,word_boundary,لو,,hafs|shubah|bazzi,,2,"وَأَلَّوِ [hafs,shubah,bazzi]  ||  لَّوِ [qalun,warsh,duri,susi]"
73986,72,188,20,rasm_variant,ڡال,,,,2,"قُلۡ [hafs,shubah]  ||  قَالَ [bazzi,qalun,warsh,duri,susi]"
74226,73,142,20,word_boundary,اں,,duri|susi,,2,"أَن [hafs,shubah,bazzi,qalun,warsh]  ||  أَلَّن [duri,susi]"
74227,73,143,20,word_boundary,لں,,duri|susi,,2,"لَّن [hafs,shubah,bazzi,qalun,warsh]  ||  أَلَّن [duri,susi]"
74439,74,156,33,rasm_variant,ادا,,,,4,"إِذۡ [hafs]  ||  إِذَا [shubah,bazzi,duri,susi]  ||  إِذْ [qalun]  ||  إِذَ [warsh]"
74440,74,157,33,rasm_variant,دٮر,,,,4,"أَدۡبَرَ [hafs]  ||  دَبَرَ [shubah,bazzi,duri,susi]  ||  أَدْبَرَ [qalun]  ||  ࡰدْبَرَ [warsh]"
74539,75,1,1,word_boundary,لا,,,bazzi,3,"لَآ [hafs,shubah,warsh,duri]  ||  لَأُ [bazzi]  ||  لَا [qalun,susi]"
74540,75,2,1,word_boundary,اڡسم,,,bazzi,4,"أُقۡسِمُ [hafs,shubah,duri]  ||  اْقۡسِمُ [bazzi]  ||  أُقْسِمُ [qalun,warsh]  ||  أُقۡسِم [susi]"
75246,78,120,35,alif_variant,كدٮا,,,,3,"كِذَّٰبࣰا [hafs,shubah,bazzi,susi]  ||  كِذَّاباࣰ [qalun,warsh]  ||  كِذَّٰبٗا [duri]"
75294,78,168,40,alif_variant,ٮداه,,,,3,"يَدَاهُ [hafs,shubah,duri,susi]  ||  يَدَاهُۥ [bazzi]  ||  يَدَٰهُ [qalun,warsh]"
75680,81,69,22,alif_variant,صاحٮكم,,,,3,"صَاحِبُكُم [hafs,shubah,duri,susi]  ||  صَاحِبُكُمُۥ [bazzi]  ||  صَٰحِبُكُم [qalun,warsh]"
75690,81,79,24,rasm_variant,ٮصٮٮں,,,,4,"بِضَنِينࣲ [hafs,shubah,qalun,warsh]  ||  بِضظَنِينࣲ [bazzi]  ||  بِضظَنِينٖ [duri]  ||  بِّضظَنِينࣲ [susi]"
76508,89,103,23,rasm_variant,وحاى,,,,2,"وَجِاْيٓءَ [hafs,shubah,bazzi,duri,susi]  ||  وَجِےٓءَ [qalun,warsh]"
76592,90,50,14,rasm_variant,اطعم,,,,4,"إِطۡعَٰمࣱ [hafs,shubah]  ||  أَطۡعَمَ [bazzi,duri,susi]  ||  إِطْعَامࣱ [qalun]  ||  ࡴطْعَامࣱ [warsh]"
76668,91,44,13,alif_variant,وسڡٮها,,,,4,"وَسُقۡيَٰهَا [hafs,shubah,bazzi]  ||  وَسُقْيَاهَا [qalun,warsh]  ||  وَسُقۡيٰۭهَا [duri]  ||  وَسُقۡيٰ۪هَا [susi]"
76676,91,52,15,rasm_variant,ولا,,,,2,"وَلَا [hafs,shubah,bazzi,duri,susi]  ||  فَلَا [qalun,warsh]"
77259,106,3,2,rasm_variant,الڡهم,,,,4,"إِۦلَٰفِهِمۡ [hafs,shubah,duri,susi]  ||  إِۦلَٰفِهِمُۥ [bazzi]  ||  إِيلَٰفِهِمْ [qalun]  ||  ࡴيلَٰفِهِمْ [warsh]"
